level_0,index,서명,ISBN,대출건수
0,190,Learn to Read With Tug the Pup and Friends! Box Set (Levels Included: a - C #1),9780062266897,75
1,380,나미야 잡화점의 기적 :히가시노 게이고 장편소설 ,9788972756194,58
2,1014,책 먹는 여우,9788934908067,36
3,777,아몬드 (양장 특별 한정판),9788936434267,36
4,927,일의 기쁨과 슬픔 :장류진 소설집 ,9788936438036,34
5,854,여행의 이유 :김영하 산문 ,9788954655972,34
6,985,"지리의 힘 :지리는 어떻게 개인의 운명을, 세계사를, 세계 경제를 좌우하는가 ",9788993178692,30
7,512,마법의 설탕 두 조각,9788935652792,30
8,975,죽고 싶지만 떡볶이는 먹고 싶어 :백세희 에세이 ,9791196394509,28
9,31,(대하역사만화) 박시백의 조선왕조실록,9788958620358,27
10,51,(설민석의) 삼국지 :누구나 쉽게 시작하고 모두가 빠져드는 이야기 ,9788933870792,26
11,196,My Weirdest School 12-Book Box Set: Books 1-12 (Paperback),9780062878922,26
12,688,설민석의 조선왕조실록 :대한민국이 선택한 역사 이야기 ,9788933870693,26
13,644,빈대 가족의 절약 1박 2일 - 대한민국 공식 짠돌이 빈대 가족에게 배우는 경제 지혜,9788960243439,25
14,830,언어의 온도 :말과 글에는 나름의 따뜻함과 차가움이 있다 ,9791195522125,25
15,662,"사피엔스 :유인원에서 사이보그까지, 인간 역사의 대담하고 위대한 질문 ",9788934972464,24
16,645,빈대 가족의 절약 그것이 알고 싶다,9788960244375,23
17,642,빈대 가족의 복면 절약왕,9788960244511,23
18,65,(신비아파트) 월화수목공포일,9788926382264,23
19,304,공부머리 독서법 :실현 가능하고 지속 가능한 독서교육의 모든 것 ,9791196316808,23
22,92,(지랄발랄 하은맘의) 십팔년 책육아 ,9788925567921,22
20,182,Go go 카카오 프렌즈 :세계 역사 문화 체험 학습만화,9788950984144,22
21,647,빈대 가족의 절약 무한도전 - 대한민국 공식 짠돌이 빈대 가족에게 배우는 경제 지혜,9788960243675,22
23,1019,천년의 질문 :조정래 장편소설 ,9788965746829,21
24,1036,"총, 균, 쇠:무기·병균·금속은 인류의 운명을 어떻게 바꿨는가",9788970127248,21
25,1040,추리 천재 엉덩이 탐정 6 - 수상한 탐정 사무소 사건,9791162335123,20
26,856,역사의 역사 =History of writing history ,9788971998557,20
27,909,이기적 유전자 :진화론의 새로운 패러다임 ,9788932471631,20
28,581,미움받을 용기 :자유롭고 행복한 삶을 위한 아들러의 가르침 ,9788996991342,20
34,108,(코믹 메이플스토리) 수학도둑 :지식·능력·경험을 융합하여 정리하는 No.1 수학학습만화,9788926381267,19
31,294,"골든아워 :생과 사의 경계, 중증외상센터의 기록 ",9788965962823,19
29,813,양파의 왕따 일기,9788970572529,19
30,52,(설민석의) 삼국지 :누구나 쉽게 시작하고 모두가 빠져드는 이야기 ,9788933870839,19
32,768,아가씨와 밤 :기욤 뮈소 장편소설 ,9788984373617,19
36,796,아주 작은 습관의 힘 :최고의 변화는 어떻게 만들어지는가 ,9791162540640,19
33,137,12가지 인생의 법칙 :혼돈의 해독제 ,9791196067694,19
37,1024,철학은 어떻게 삶의 무기가 되는가 :불확실한 삶을 돌파하는 50가지 생각 도구 ,9791130620459,19
39,687,설민석의 세계사 대모험 2 - 히틀러의 두 얼굴,9791189001278,19
35,939,작가들의 비밀스러운 삶 :기욤 뮈소 장편소설 ,9788984373853,19
38,123,(퀴즈!) 과학상식 :공포 마술 ,9791170180494,19
41,1078,쿠키런 서바이벌 대작전,9788926389430,18
40,857,연애의 행방 ,9791161903538,18
42,1109,토지 :박경리 대하소설,9788960532410,18
43,54,(설민석의) 한국사 대모험,9791188874262,18
46,868,오직 두 사람 :김영하 소설 ,9788954645614,18
45,152,82년생 김지영 :조남주 장편소설 ,9788937473135,18
44,798,아침에는 죽음을 생각하는 것이 좋다 ,9791160560640,18
47,417,내일은 실험왕 :본격 대결 과학실험 만화,9791162335741,18
48,225,Who? 김연아 =Kim Yuna ,9791156390404,17
49,55,(설민석의) 한국사 대모험,9791188874293,17
50,102,(추리 천재) 엉덩이 탐정,9788937889714,17
51,15,"(간단함, 병맛, 솔직함으로 기업의 흥망성쇠를 좌우하는) 90년생이 온다 ",9791188248674,17
52,739,신경 끄기의 기술 :인생에서 가장 중요한것만 남기는 힘 ,9788901219943,17
53,1123,페인트 - 제12회 창비청소년문학상 수상작,9788936456894,17
54,1051,칠판 앞에 나가기 싫어!,9788949160368,17
63,1186,흔한남매,9791164131686,16
55,117,(코믹) 메이플스토리 =오프라인 RPG.Maple story ,9788926381229,16
56,53,(설민석의) 한국사 대모험,9791188874217,16
57,523,마음의 소리,9791125698593,16
58,430,놓지 마 과학!,9791162207031,16
60,111,"(코믹 메이플스토리) 수학도둑 :창의사고력 강화, 수리논술력을 키워 주는 스토리텔링 수학의 선구자!",9788926384305,16
59,989,지적 대화를 위한 넓고 얕은 지식,9788994120997,16
62,631,브루클린의 소녀 :기욤 뮈소 장편소설 ,9788984373068,16
64,103,(추리 천재) 엉덩이 탐정,9791164131914,16
65,101,(추리 천재) 엉덩이 탐정,9788937853470,16
66,1087,쿠키런 어드벤처 :쿠키들의 신나는 세계여행,9788926380963,16
67,82,(정재승의) 인간 탐구 보고서,9788950983079,16
61,1091,쿠키런 어드벤처 :쿠키들의 신나는 세계여행,9788926384718,16
68,440,다산의 마지막 공부 :마음을 지켜낸다는 것 ,9788935212484,15
69,189,LA에서 보물찾기,9788937843150,15
70,473,도티&잠뜰 하우머치별에서 부자 되기,9791133459056,15
71,110,(코믹 메이플스토리) 수학도둑 :지식·능력·경험을 융합하여 정리하는 No.1 수학학습만화,9791164380879,15
72,649,빈대 가족의 짠돌이 100계명,9788960243477,15
73,468,도티&잠뜰 출동! SOS 구조대 : 자연재해의 재앙을 막아라!,9791133463664,15
74,311,교통경찰의 밤 ,9791136216182,15
81,567,무툴라는 못 말려! ,9788911027408,14
80,355,꽝 없는 뽑기 기계 - 2020 비룡소 문학상 대상 수상작,9788949162027,14
76,22,(국어 교과서도 탐내는) 맛있는 속담,9788901068763,14
77,470,도티&잠뜰 코딩,9791133450831,14
75,341,까마귀 소년,9788949110264,14
79,994,"진이, 지니 :정유정 장편소설 ",9791189982140,14
85,456,더 해빙 =부와 행운을 끌어당기는 힘 /The having ,9791190382175,14
78,120,(쿠키런) 한자런 :달리는 쿠키들의 한자 대모험,9788926384114,14
84,877,요리스타 청,9788934967064,14
82,428,놓지 마 과학!,9788960869929,14
86,434,눈물바다 ,9788958284055,14
87,1125,편지 ,9788925566009,14
83,519,마법천자문 :손오공의 한자 대탐험,9788950982898,14
92,897,유럽도시기행,9788965135586,13
88,363,나는 나로 살기로 했다 :냉담한 현실에서 어른살이를 위한 to do list ,9791187119845,13
89,682,선량한 차별주의자 ,9788936477196,13
90,43,(백종원의) 도전 요리왕 :음식으로 맛보는 세계 역사 문화 체험,9791190182522,13
91,322,그리스 로마 신화,9788950971397,13
93,492,또 잘못 뽑은 반장 ,9788934993315,13
95,509,마당을 나온 암탉 ,9788971968710,13
96,510,마법사 똥맨 :송언 동화 ,9788936451158,13
97,364,나는 나의 주인 ,9788964960035,13
98,789,아이 러브 나의 꿈 블링블링 메이크업 반짝반짝 네일아트,9791170182849,13
94,860,열두 발자국 ,9791160560510,13
105,1042,축구를 해요 ,9788965676454,12
99,613,병구는 600살 - 어쩌다 보니 2학년 3반,9788925565347,12
104,947,잘못 뽑은 반장 ,9788934933700,12
100,1113,투발루에게 수영을 가르칠 걸 그랬어! ,9788983944245,12
101,142,"2020 부의 지각변동 :미래가 보내온 7개의 시그널! 무너질 것인가, 기회를 만들 것인가 ",9788950981983,12
102,901,유해 물질에서 살아남기,9788937889424,12
108,643,빈대 가족의 어서 와! 절약은 처음이지?,9788960244580,12
103,638,빈대 가족 과학 스쿨,9788960244757,12
109,353,꼴뚜기 :진형민 동화집 ,9788936442743,12
110,531,만복이네 떡집 ,9788949161341,12
111,448,"당신은 뇌를 고칠 수 있다 :매주 1시간 투자하여 최상의 기억력, 생산성, 수면을 얻는 법 ",9791135442414,12
107,177,Go go 카카오 프렌즈 :세계 역사 문화 체험 학습만화,9788950976118,12
106,462,도티&잠뜰 : 4차 산업혁명 - 미래를 지켜라!,9791133475315,12
116,323,그리스 로마 신화,9788950971410,11
124,603,방랑자들 :올가 토카르추크 장편소설 ,9788937444005,11
112,1103,크록텔레 가족,9788909078634,11
113,1116,틀려도 괜찮아,9788990611260,11
115,295,"골든아워 :생과 사의 경계, 중증외상센터의 기록 ",9788965962830,11
120,1021,천년의 질문 :조정래 장편소설 ,9788965746843,11
114,402,내가 확실히 아는 것들 ,9788956058054,11
118,1168,허풍이의 사서삼경 :신문수 선생님의 참 좋은 만화 ,9788953313316,11
121,267,걱정 세탁소 - 걱정을 세탁해 드립니다!,9788928318049,11
122,689,"설민석의 한국사 대모험 11 - 고구려 편 : 부마 온달, 태학에 들어가다!",9791188874385,11
123,1130,푸른 사자 와니니 :이현 장편동화,9788936443054,11
125,506,"룬샷 :전쟁, 질병, 불황의 위기를 승리로 이끄는 설계의 힘 ",9788965963790,11
117,209,"Shark School Shark-Tacular Collection Books 1-8: Deep-Sea Disaster; Lights! Camera! Hammerhead!; Squid-Napped!; The Boy Who Cried Shark; A Fin-Tastic (Paperback, Boxed Set)",9781534402393,11
134,803,안녕 자두야 심장이 벌렁벌렁 자두의 세계 여행 : 미국,9791134810849,11
119,393,내 멋대로 나 뽑기,9788934993865,11
135,760,"십 년 가게 1 - 시간의 마법, 이용하시겠습니까?",9791190630672,11
127,289,고양이 해결사 깜냥 1 - 아파트의 평화를 지켜라!,9788936447694,11
132,855,역사의 쓸모 :자유롭고 떳떳한 삶을 위한 22가지 통찰 ,9791130621968,11
128,47,(빈대 가족의) 절약 삼시세끼 ,9788960243729,11
130,980,줄무늬가 생겼어요,9788949111674,11
131,993,직지 :김진명 장편소설 ,9788965708322,11
129,106,(코믹 메이플스토리) 수학도둑 :지식·능력·경험을 융합하여 정리하는 No.1 수학학습만화,9788926379769,11
133,1189,흔한남매,9791164134847,11
136,26,(까치와 소담이의) 수수께끼 놀이,9788971966686,11
137,954,재활용은 즐거워 Recycling Fun,9788965676461,11
138,706,소원 떡집,9788949162058,11
126,660,"사서함 110호의 우편물 :네 사랑이 무사하기를, 내 사랑도 무사하니까 ",9788925550091,11
145,346,까칠한 재석이가 사라졌다 ,9788996147442,10
146,1163,해리 :공지영 장편소설 ,9788965746614,10
154,394,내 멋대로 동생 뽑기,9788934994947,10
140,179,Go go 카카오 프렌즈 :세계 역사 문화 체험 학습만화,9788950979317,10
141,354,꼴찌라도 괜찮아! ,9788937849367,10
142,1185,훨훨 간다,9788911021406,10
144,172,David Walliams 소설 8종,125669,10
139,20,(교과서 속 옛 이야기로 보는) 속담이 백 개라도 꿰어야 국어왕 ,9788997174386,10
153,884,우리가 빛의 속도로 갈 수 없다면 :김초엽 소설 ,9791190090018,10
143,558,무례한 사람에게 웃으며 대처하는 법 :인생 자체는 긍정적으로 개소리에는 단호하게 ,9788957369364,10
147,555,못 참는 아이 욱하는 부모 :분노조절장애의 시대를 사는 대한민국 부모에게 주는 육아 멘토 오은영 박사의 감정 조절 육아법 ,9788997396658,10
150,74,(이상한 과자 가게) 전천당,9791164060931,10
151,986,지우개 따먹기 법칙 :유순희 장편동화 ,9788957982662,10
152,202,OX퀴즈 서바이벌100 신기한 과학이야기 2,9791196335311,10
148,254,가족의 가족을 뭐라고 부르지? :바르게 부르는 가족 호칭책 ,9788980712656,10
168,996,진짜 인싸 되는 법,9788928315987,10
155,486,드래곤빌리지 학습도감 10 : 귀신고래,9791186213278,10
149,83,(정재승의) 인간 탐구 보고서,9788950983086,10
157,397,내 입은 불량 입 ,9788955473094,10
164,944,잔혹한 어머니의 날 ,9791158791186,10
156,1115,트렌드 코리아 2020 :서울대 소비트렌드 분석센터의 2020 전망 ,9788959896127,10
158,44,(빈대 가족의) 아빠 어디 가? ,9788960243125,10
159,950,장군이네 떡집,9788949162041,10
160,239,Why? 응급처치 ,9788930202633,10
162,787,아씨방 일곱 동무,9788949100203,10
165,332,기억 :베르나르 베르베르 장편소설 ,9788932920337,10
163,181,Go go 카카오 프렌즈 :세계 역사 문화 체험 학습만화,9788950982188,10
161,450,대도시의 사랑법 :박상영 연작소설 ,9788936437978,10
172,279,고구마구마 ,9788956187372,10
167,753,신비아파트 월화수목공포일 1 - 고스트 캠핑,9788926347621,10
169,683,"선생님, 바보 의사 선생님",9788901055190,10
170,646,빈대 가족의 절약 대전,9788960243392,10
171,1067,코믹 메이플 스토리 오프라인 RPG 97,9788926381236,10
173,610,변화무쌍한 토네이도를 예측하라!,9788931933338,10
166,754,신비아파트 월화수목공포일 2 - 껌딱지 귀신,9788926365465,10
178,664,산왕 부루,9788901157368,9
181,116,(코믹) 메이플스토리 =오프라인 RPG.Maple story ,9788926380192,9
180,731,슬라임즈 1,9791188380459,9
179,867,오사카에서 보물찾기,9788937857942,9
174,60,(설민석의) 한국사 대모험,9791196232160,9
177,1110,토지 :박경리 대하소설,9788960532427,9
175,1072,쿠키런 놀이왕 과학상식 :재미있게 배우는 놀이 과학 상식 25 ,9788926365236,9
195,648,빈대 가족의 절약 좀 아는 형님,9788960244764,9
183,6,(50대 사건으로 보는) 돈의 역사 =The history of money ,9791135422225,9
182,472,도티&잠뜰 하우머치별에서 부자 되기,9791133447299,9
187,411,내일은 발명왕 :본격 대결 과학발명 만화,9791164131662,9
176,284,고양이 ,9788986621730,9
190,1013,채식주의자:한강 연작소설,9788936433598,9
185,673,새롬이와 함께 일기 쓰기 ,9788985494076,9
194,432,놓지 마 과학! 7 - 정신이 모험에 정신 놓다,9791162205624,9
191,292,고층 건물에서 살아남기 =Survival in skyscraper,9791164134250,9
193,431,놓지 마 과학!,9791190182737,9
189,458,데미안 ,9788937460449,9
188,460,도서관에 간 사자,9788901060316,9
196,607,베트남 =당신의 베트남 여행을 100배 즐겁게! /Vietnam ,9788925561806,9
186,465,도티&잠뜰 마지막 던전 ,9791133462056,9
184,741,신과 함께 :신화편,9788959195008,9
192,938,자카르타에서 보물찾기,9791162336199,9
210,109,(코믹 메이플스토리) 수학도둑 :지식·능력·경험을 융합하여 정리하는 No.1 수학학습만화,9788926382288,9
218,373,나는 차라리 부동산과 연애한다 :10억 부자 언니의 싱글 맞춤형 부동산 재테크 ,9788950986094,9
203,576,미생 :아직 살아 있지 못한 자,9788960865594,9
198,544,메리,9791160943061,9
206,570,미등록자 ,9788934982968,9
204,621,봉제인형 살인사건 :다니엘 콜 장편소설 ,9788998274931,9
199,1095,쿠키런 척척 수학상식 3,9788926385395,9
202,788,아웃라이어 :성공의 기회를 발견한 사람들 ,9788934933151,9
201,263,거인 부벨라와 지렁이 친구,9788925559483,9
200,1164,해리 :공지영 장편소설 ,9788965746621,9
208,641,빈대 가족의 별의별 아르바이트 - 대한민국 공식 짠돌이 빈대 가족에게 배우는 경제 지혜,9788960243408,9
207,99,(추리 천재) 엉덩이 탐정,9788937838750,9
205,1171,혼자가 혼자에게 :이병률 산문집 ,9791158161026,9
217,533,만희네 집,9788986621105,9
215,840,엄마의 20년 :엄마의 세계가 클수록 아이의 세상이 커진다 ,9791190382076,9
209,991,지쳤거나 좋아하는 게 없거나 ,9791196797706,9
219,827,어쩌다 중학생 같은 걸 하고 있을까 ,9788958073642,9
216,192,Magic Tree House #45 : A Crazy Day with Cobras (Book & CD),9788925659565,9
197,843,엉덩이 날씨,9791187856481,9
214,536,말투를 바꿨더니 아이가 공부를 시작합니다 :아이를 서울대에 보낸 부모가 20년간 정리한 공부자극 말습관 ,9788925569109,9
213,819,어떻게 살 것인가 ,9788965132288,9
212,1188,흔한남매,9791164134267,9
211,327,글자동물원 ,9788954637374,9
221,988,지적 대화를 위한 넓고 얕은 지식,9788994120966,8
239,1099,퀴즈! 과학상식 : 가상 현실.증강 현실,9791170184218,8
222,345,까칠한 아이 - 제25회 눈높이아동문학상 장편 부문 대상 수상작,9788939571112,8
223,333,기억 :베르나르 베르베르 장편소설 ,9788932920344,8
224,320,그 많던 싱아는 누가 다 먹었을까 :박완서 장편소설 ,9788933801925,8
261,447,담임 선생님은 AI,9788936442934,8
226,396,내 이름은 삐삐 롱스타킹 - 린드그렌 탄생 110주년 기념 개정판,9788952785404,8
227,429,놓지 마 과학!,9791162202425,8
229,406,내일은 로봇왕 :본격 대결 과학로봇 만화,9788937892073,8
232,956,정글에서 살아남기 :마루의 어드벤처,9791133418930,8
228,1028,체리새우 : 비밀글입니다 - 제9회 문학동네청소년문학상 대상 수상작,9788954654753,8
230,1006,짧은 귀 토끼,9788991941014,8
231,404,내일은 로봇왕 :본격 대결 과학로봇 만화,9788937889165,8
233,379,나무도 날개를 달 수 있다 :숲 속에서 들려주는 지혜로운 이야기 ,9788991980976,8
234,391,내 꿈은 방울토마토 엄마 :가슴 뛰는 꿈을 위한 작은 첫걸음 ,9791185173030,8
235,698,세상의 봄 ,9788934993216,8
236,945,잘 자라라 내 마음 ,9788962473544,8
237,805,"안녕, 나의 등대",9788949113760,8
238,1100,퀴즈! 과학상식 : 공포 과학사건,9791186472927,8
220,982,지각대장 존 ,9788949110073,8
253,713,수박 수영장 :안녕달 그림책 ,9788936446819,8
225,974,주식투자 이렇게 쉬웠어? :월급도 받고 투자 수익도 챙기는 슈퍼 직장인이 되는 법 ,9791164150151,8
240,582,미카엘라,9788965483724,8
247,637,빅뱅이 뭐예요?,9788965135227,8
242,602,방구석 미술관 :가볍고 편하게 시작하는 유쾌한 교양 미술 ,9788968331862,8
250,655,뽑기의 달인,9788928315857,8
243,1061,코로나 투자 전쟁 =전 세계 금융 역사 이래 최대의 유동성 /Money war ,9791196831059,8
244,608,벼가 자란다:논농사와 벼의 한살이,9788984281714,8
245,1062,"코믹 메이플 스토리 수학도둑 10 - 국내 최초 수학논술만화, 개정판",9788926393949,8
246,616,보이거나 안 보이거나,9788964963999,8
248,1069,코스모스 :특별판 ,9788983711892,8
249,740,신과 함께 :신화편,9788959194995,8
251,1071,콩이네 옆집이 수상하다!,9788954643740,8
258,553,모순 :양귀자 장편소설 ,9788998441012,8
254,1077,쿠키런 서바이벌 대작전,9788926388280,8
255,1079,쿠키런 서바이벌 대작전 17 : 재난.재해 편 - 안전상식 학습만화,9788926381304,8
256,690,설민석의 한국사 대모험 12 - 조선의 발명품 편 : 특명! X맨의 정체를 밝혀라!,9791188874460,8
257,1057,코딩맨 :히어로 액션 코딩 학습 만화,9791156396659,8
259,943,잔혹한 어머니의 날 ,9791158791179,8
260,1105,타이탄의 도구들 :1만 시간의 법칙을 깬 거인들의 61가지 전략 ,9791158510619,8
241,1096,쿠키런 학교왕 과학 상식,9788926384046,8
252,665,산왕 부루,9788901157375,8
262,452,대변동 :무엇을 선택하고 어떻게 변화할 것인가 ,9788934995791,8
302,122,(퀴즈!) 과학상식 :SOS 쓰레기 과학 ,9788955727296,8
264,1032,초예측 :세계 석학 8인에게 인류의 미래를 묻다 ,9788901229614,8
271,1037,최강왕 괴기 생물 대백과,9791170184072,8
266,463,도티&잠뜰 동물의 비밀,9791133466122,8
267,464,도티&잠뜰 또 다른 게임의 시작,9791133477111,8
268,467,도티&잠뜰 출동! SOS 구조대 : 생활 속 안전 상식,9791133473311,8
269,469,도티&잠뜰 코딩,9791133442003,8
270,922,인공지능 세계에서 살아남기 1,9788937843877,8
272,904,"으악, 도깨비다!",9788987504568,8
273,489,딱지따먹기 (아이들 시로 백창우가 만든 노래),9788984281325,8
274,499,레버리지 :자본주의 속에 숨겨진 부의 비밀 ,9791130612249,8
265,925,인어가 잠든 집 ,9788990982773,8
283,64,(신비아파트) 오싹오싹 무서운 이야기,9788926385739,8
276,858,연예인을 꿈꾸는 끼있는 아이,9791186472545,8
277,1049,친구랑 싸웠어!,9788952745347,8
287,264,거짓말 같은 이야기 ,9788952760661,8
279,516,마법천자문 :손오공의 한자 대탐험,9788950971946,8
280,1048,친구들에게 사랑받는 아이 사랑주는 아이,9791170182696,8
281,1020,천년의 질문 :조정래 장편소설 ,9788965746836,8
275,1081,쿠키런 서바이벌 대작전 6 : 동굴 편 - 안전상식 학습만화,9788926388853,8
282,130,(흥분하지 않고 우아하게 리드하는) 말센스 ,9791187165460,8
284,113,(코믹 메이플스토리) 신들의 계보,9788926385647,8
278,514,마법천자문 :손오공의 한자 대탐험,9788950957827,8
295,57,(설민석의) 한국사 대모험,9791196025809,8
297,29,(나를 숨 쉬게 하는) 보통의 언어들 ,9791190786355,8
285,100,(추리 천재) 엉덩이 탐정,9788937848247,8
288,178,Go go 카카오 프렌즈 :세계 역사 문화 체험 학습만화,9788950977405,8
289,274,"검사내전 :생활형 검사의 사람 공부, 세상 공부 ",9788960516175,8
291,56,(설민석의) 한국사 대모험,9791195794799,8
292,115,(코믹 메이플스토리) 신들의 계보,9788926397398,8
293,118,(쿠키런) 국어왕 :머리에 쏙쏙 들어오는 웃음 만점 국어학습만화,9788926387665,8
294,1187,흔한남매,9791164132454,8
296,76,(이상한 과자 가게) 전천당,9791164062065,8
290,45,(빈대 가족의) 알짜 경제 상식 :대한민국 공식 짠돌이 빈대 가족에게 배우는 경제 지혜 ,9788960243774,8
298,234,Why? 동물 의학 ,9788930219501,8
300,77,(자신만만) 영단어! 영어 잘하는 우등생 공부법 ,9791170180579,8
301,226,Who? 리오넬 메시 =스페셜 /Lionel Messi ,9791156393535,8
303,59,(설민석의) 한국사 대모험,9791196025861,8
304,261,강아지 복실이 ,9788911030224,8
305,32,(드래곤빌리지 학습도감) 식인상어 ,9791186213155,8
263,936,"자존감 수업 :하루에 하나, 나를 사랑하게 되는 자존감 회복 훈련 ",9791186757093,8
299,140,1Q84 :무라카미 하루키 장편소설,9788954608640,8
286,176,Go go 카카오 프렌즈 :세계 역사 문화 체험 학습만화,9788950973353,8
312,381,나보다 어린 우리 아빠 ,9788928315314,7
319,557,묘한 밤하늘에 별자리가 냥냥 - 별난 고양이와 함께 떠나는 천문학 여행,9791158711023,7
318,1098,쿠키런 황당 과학 상식 :말도 안 돼! 초특급 황당 과학 25 ,9788926387658,7
317,577,미생 :아직 살아 있지 못한 자,9788960865884,7
316,626,부의 인문학 :슈퍼리치의 서재에서 찾아낸 부자의 길 ,9788995563502,7
314,1190,흔한남매 안 흔한 일기 2,9791164135158,7
313,1035,"총, 균, 쇠 ",9788970128856,7
309,677,생물인 정브르의 신기한 파충류 도감 - 깜놀주의! 세상 신기한 파충류 대 공개!,9791190242042,7
311,579,미술관에 간 심리학 :나는 심리학을 공부하러 미술관에 간다 ,9791189344627,7
310,1092,쿠키런 어드벤처 :쿠키들의 신나는 세계여행,9788926384831,7
308,885,우리들의 일그러진 영웅,9788987721095,7
335,412,내일은 실험왕 41 - 해양의 대결,9791162331088,7
321,252,가재가 노래하는 곳 :델리아 오언스 장편소설 ,9788952240569,7
307,387,난장이가 쏘아올린 작은 공:조세희 소설집,9788995151204,7
320,253,가족은 꼬옥 안아 주는 거야 ,9788901121345,7
306,1086,쿠키런 어드벤처 :쿠키들의 신나는 세계여행,9788926379936,7
322,1120,팥빙수의 전설,9788901232232,7
329,201,OX퀴즈 서바이벌100 신기한 과학이야기 1,9791196335304,7
323,471,도티&잠뜰 팀 샌드박스프렌즈,9791164128341,7
333,420,넛지 :똑똑한 선택을 이끄는 힘 ,9788901093154,7
332,933,읽으면서 바로 써먹는 어린이 퀴즈,9791158681609,7
331,534,말대꾸하면 안 돼요? :배봉기 동극집 ,9788936442552,7
330,973,"주식투자 무작정 따라하기 2 : ETF편 - 주식은 무섭고, 고수익은 탐나는 왕초보를 위한 안전투자!, 최신개정판",9791160502619,7
334,243,Why? 카메라,9788930219815,7
328,969,좀비고등학교 코믹스 14,9791188380466,7
326,488,드래곤빌리지 학습도감 6 : 무림맹수,9791186213520,7
325,487,드래곤빌리지 학습도감 4 : 로봇거미,9791186213179,7
324,478,동물 이름 어디에서 왔을까? ,9788993473247,7
327,496,띠띠뽀 띠띠뽀 TV에 나오고 싶어요,9788964133385,7
348,328,기도의 막이 내릴 때 ,9788990982780,7
336,410,내일은 발명왕 :본격 대결 과학발명 만화,9788937889783,7
315,625,부동산 투자로 진짜 인생이 시작됐다 :평범한 전업맘에서 부동산의 여왕이 되기까지 ,9788925569055,7
338,568,물 부족에서 살아남기,9788937838200,7
364,127,(한 권으로 끝내는) 한글 워드 :가장 쉽게 배우는 워드프로세싱 입문서 ,9791186179260,7
337,405,내일은 로봇왕 :본격 대결 과학로봇 만화,9788937892059,7
351,747,신비아파트 고스트볼의 비밀,9788926384152,7
350,114,(코믹 메이플스토리) 신들의 계보,9788926396223,7
349,838,엄마를 구해 줘,9788901226668,7
347,270,건방이의 건방진 수련기,9788949197821,7
346,761,십 년 가게 2 - 당신에게 시간을 드리지요,9791190786607,7
342,575,미생 :아직 살아 있지 못한 자,9788960865563,7
344,624,부동산 소액 투자의 정석 :경제가 흔들려도 변하지 않는 자의 기술 ,9788925567846,7
343,249,가면산장 살인사건 ,9788990982575,7
341,984,지금 이대로 좋다 ,9791187297239,7
340,981,즐거운 클래식기타 =Classic guitar method,9788932627731,7
339,1101,퀴즈! 과학상식 : 사막.정글,9791170180241,7
354,811,애쓰지 않고 편안하게 ,9791130629636,7
353,4,(2020) 대한민국 재테크 트렌드 :저성장 고착화 시대의 생존 투자법 ,9791156758099,7
352,329,기린의 날개 ,9788990982674,7
355,734,"시선으로부터,",9788954672214,7
362,764,쓰레기 섬에서 살아남기,9791164130832,7
356,291,고요할수록 밝아지는 것들 :혜민 스님과 함께 지혜와 평온으로 가는 길 ,9791187498384,7
367,702,소년이 온다 :한강 장편소설 ,9788936434120,7
366,61,(세계 석학들이 내다본) 코로나 경제 전쟁 :바이러스가 바꿔놓을 뉴노멀 경제학 ,9791164841097,7
365,62,(스타강사 사경인 회계사의) 재무제표 모르면 주식투자 절대로 하지마라 ,9791186137413,7
363,880,우등생 소녀의 자신만만 영문법 : 명사,9791170183259,7
368,879,용선생 처음 한국사 1 - 선사 시대 ~ 조선 전기,9791162730270,7
361,834,엄마 심리 수업 :엄마의 무의식이 아이를 키운다 ,9791186757420,7
345,1119,파리의 아파트 :기욤 뮈소 장편소설 ,9788984373358,7
359,1139,피프티 피플 :정세랑 장편소설 ,9788936434243,7
358,1068,코스모스 :가능한 세계들 ,9791190403283,7
357,837,엄마 출입 금지! ,9788928315659,7
360,121,(퀴즈!) 과학상식 :3D 프린팅 과학 ,9791170185208,7
398,924,인스타그램 마케팅 잘하는 사람은 이렇게 합니다 ,9791188230921,6
380,543,멋지다 썩은 떡,9788954602921,6
379,409,내일은 발명왕 :본격 대결 과학발명 만화,9788937884993,6
378,928,일제 강점기 보물찾기,9788937839917,6
377,832,언컨택트 =더 많은 연결을 위한 새로운 시대 진화 코드 /Uncontact ,9791197016806,6
376,794,아주 무서운 날 ,9788994368269,6
373,552,모모,9788949190020,6
374,407,내일은 발명왕 :본격 대결 과학발명 만화,9788937857379,6
372,547,면역에 관하여 ,9788932918105,6
371,416,내일은 실험왕 :본격 대결 과학실험 만화,9788937889981,6
370,841,엄마의 여행 가방 ,9788949101576,6
382,520,마법천자문 요괴 대모험 2 - 어둠의 요괴,9788950972028,6
369,548,명절 속에 숨은 우리 과학 ,9788952755087,6
381,408,내일은 발명왕 :본격 대결 과학발명 만화,9788937884931,6
395,1111,톨스토이 비밀 찾기,9788937840166,6
375,776,아마존에서 살아남기,9788937810787,6
384,278,고구려 :김진명 역사소설,9791187192244,6
391,280,고래 :천명관 장편소설 ,9788954623414,6
385,826,어제가 없으면 내일도 없다 ,9788998791971,6
397,298,곰탕 :김영탁 장편소설 ,9788950973759,6
396,942,잔소리 붕어빵 :최은옥 창작동화 ,9788957984611,6
392,1055,코드네임 X,9788952785480,6
394,501,레이튼 미스터리 탐정사무소 :카트리에일의 수수께끼 파일,9791164133154,6
390,480,돼지책,9788901033518,6
389,966,좀비고등학교 코믹스 11,9791188380367,6
388,475,돈의 속성 :최상위 부자가 말하는 돈에 대한 모든 것 ,9791188331796,6
387,1018,책청소부 소소 ,9788954613521,6
386,1192,흰지팡이 여행 ,9788958282945,6
399,521,마법천자문 요괴 대모험 3 - 요괴 식당,9788950972035,6
383,541,먼나라 이웃나라 :지역·주제편,9788934981428,6
426,1094,쿠키런 중국어 마법골동품점 3,9788926387504,6
393,191,Magic Tree House #44 : A Ghost Tale for Christmas Time (Book & CD),9788925659558,6
422,310,괴물들이 사는 나라 ,9788952723925,6
408,135,117층 나무 집,9788952744586,6
413,151,65층 나무 집,9788952782380,6
412,259,갈매기에게 나는 법을 가르쳐준 고양이 ,9788955617672,6
411,650,빛의 과거 :은희경 장편소설 ,9788932035635,6
410,719,수학의 쓸모 :불확실한 미래에서 보통 사람들도 답을 얻는 방법 ,9791165210991,6
409,657,"사라, 버스를 타다",9788958280378,6
401,183,Go go 카카오 프렌즈 :세계 역사 문화 체험 학습만화,9788950987008,6
407,676,생각에 관한 생각 :우리의 행동을 지배하는 생각의 반란 ,9788934981213,6
405,347,꺼벙이 억수 (반양장),9788959774494,6
404,378,나무가 자라는 물고기 ,9788958283386,6
403,923,인공지능 세계에서 살아남기 2,9788937857997,6
415,454,대한민국 땅따먹기 :진짜 부자가 되고 싶다면 토지에 투자하라! ,9791187799115,6
402,763,싱글맘 부동산 경매로 홀로서기 ,9791187799139,6
414,738,식탁 위의 세계사 ,9788936452056,6
406,886,우리의 불행은 당연하지 않습니다 :대한민국의 불편한 진실을 직시하다 ,9788965749899,6
416,369,나는 오늘도 경제적 자유를 꿈꾼다 ,9788925564289,6
424,312,구덩이:루이스 쌔커 장편소설,9788936456023,6
417,1090,쿠키런 어드벤처 :쿠키들의 신나는 세계여행,9788926384497,6
400,193,Magic Tree House #46 : Dogs in the Dead of Night (Book & CD),9788925660905,6
429,72,(이상한 과자 가게) 전천당,9791164060481,6
428,752,신비아파트 공포 마술 탈출,9788926379905,6
425,1093,쿠키런 어드벤처 :쿠키들의 신나는 세계여행,9788926385821,6
427,1066,코믹 메이플 스토리 오프라인 RPG 93,9788926384770,6
423,319,귀신 선생님과 진짜 아이들 ,9788958288053,6
421,326,"글로벌 그린 뉴딜 :2028년 화석연료 문명의 종말, 그리고 지구 생명체를 구하기 위한 대담한 경제 계획 ",9788937420351,6
420,1070,콩닥콩닥 짝 바꾸는 날 ,9788952754905,6
419,372,나는 자라요 ,9788936454944,6
418,10,(Disney) 겨울왕국II,9788926211731,6
430,1114,투자는 워런 버핏처럼 :주식으로 부자 되는 버핏의 투자 법칙 7 ,9788998342586,5
432,920,이정현의 집밥레스토랑 =이정현의 행복한 집밥이야기 101가지 요리 /Home cooking with Jung-hyun ,9791190179232,5
447,807,"알로하, 나의 엄마들 :이금이 장편소설 ",9788936477936,5
431,780,"아무튼, 메모 ",9791186602515,5
433,658,사라진 봄의 여신 - 마르가리타의 모험 2,9791190077002,5
435,729,스스로 행복하라 ,9788946421158,5
436,691,설민석의 한국사 대모험 13 - 역사의 진실 편 : 뒤바뀐 역사를 되돌려라!,9791165382650,5
437,751,신비아파트 공포 귀신 탈출,9791164381470,5
440,87,(제로니모의) 환상모험,9791160572711,5
439,502,로마에서 보물찾기,9791164134618,5
441,1097,쿠키런 환상 콤비 과학 상식,9791164386246,5
442,507,리디아의 정원,9788972596363,5
443,915,이상한 손님 ,9791158360801,5
446,618,복제인간 윤봉구 - 2017년 제5회 스토리킹 수상작,9788949124353,5
444,1161,할머니의 여름휴가,9788936454951,5
445,808,알사탕,9791158360375,5
448,941,작은 집 이야기 (리커버 특별판),9788952788450,5
438,797,아직 멀었다는 말 :권여선 소설 ,9788954670630,5
454,831,언제나 칭찬,9791160940619,5
434,671,상속 :장폴 뒤부아 장편소설 ,9788984373938,5
465,19,(곽재식의) 세균 박람회 :지구에서 우주까지 40억 년 전부터 먼 미래까지 언제 어디서나 우리와 함께하는 그들의 이야기 ,9788934992349,5
451,600,밤은 이야기하기 좋은 시간이니까요 :이도우 산문집 ,9791190630955,5
450,601,밥상에 우리말이 가득하네 ,9788901110509,5
458,421,네 번째 원숭이 :J. D. 바커 장편소설 ,9788934986867,5
453,882,우리 아빠,9788901231358,5
455,362,나는 개다,9791158361365,5
456,998,질병이 바꾼 세계의 역사 :인류를 위협한 전염병과 권력자들의 질병에 대한 기록 ,9788959896417,5
457,24,(김기사의) e-쉬운 전기 =Easy electricity ,9788931526479,5
452,1029,초등 국어 뿌리 공부법 :흔들리지 않는 공부 실력을 가진 아이들의 비밀 ,9791130629391,5
459,990,지적 대화를 위한 넓고 얕은 지식 2 - 현실 편 : 철학 / 과학 / 예술 / 종교 / 신비,9791190313193,5
461,299,"공간을 말하다 :있는 그대로의 자유로움, 생긴 그대로의 자연스러움 ",9791185400983,5
462,1121,팩트풀니스 :우리가 세상을 오해하는 10가지 이유와 세상이 생각보다 괜찮은 이유 ,9788934985068,5
463,438,니 꿈은 뭐이가? :비행사 권기옥 이야기 ,9788901105918,5
449,774,"아드님, 진지 드세요 ",9788928302802,5
464,968,좀비고등학교 코믹스 13,9791188380428,5
460,371,나는 인생에서 중요한 것만 남기기로 했다 :단순한 삶이 불러온 극적인 변화 ,9788901240107,5
466,351,꼬마 흡혈귀,9788966072675,5
472,659,사랑한다고 상처를 허락하지 말 것 ,9791165340957,4
478,672,새로운 나를 여는 열쇠 :인생 리모델링 제안서 ,9788974271879,4
477,889,운동장 아래 100층 학교 - 초대 받은 아이들,9788934997924,4
476,653,"빨강머리 앤 8 (애니만화,만화로 보는 세계명작 애니메이션)",9791134859497,4
475,58,(설민석의) 한국사 대모험,9791196025847,4
473,453,대치동 독서법 :초중고로 이어지는 입시독서의 모든 것 ,9788998453695,4
470,654,뻥튀기는 속상해 :한상순 동시집 ,9788957981689,4
471,661,사소한 변화 ,9788934984566,4
469,358,꿈을 다리는 우리 동네 세탁소 - 이웃들이 들려주는 일과 직업 이야기,9788964963456,4
468,1085,쿠키런 어드벤처 :쿠키들의 신나는 세계여행,9788926379752,4
467,360,끝없는 이야기,9788949173602,4
480,675,샘마을 몽당깨비 :황선미 장편동화 ,9788936461553,4
530,79,(재밌어서 밤새 읽는) 해부학 이야기 ,9791186900864,4
479,356,꿀독에 빠진 여우 - 1학년 1학기 국어활동 수록도서,9788961706162,4
488,401,내가 잡았어!,9788952787040,4
481,680,서울 아파트 지도 :돈 되는 아파트만 골라낸 특급 답사기 ,9788901241388,4
482,133,104층 나무 집,9788952795090,4
483,352,꼬마 흡혈귀,9788966072811,4
484,668,"삼국스타실록 - 한반도를 빛낸 사람들, SNS와 TV로 읽는 삼국 역사",9791155683637,4
485,153,91층 나무 집 ,9788952786470,4
486,148,42가지 마음의 색깔 ,9791195588602,4
487,350,꼬마 흡혈귀,9788966072170,4
474,892,위저드 베이커리 =구병모 장편소설 /Wizard bakery ,9788936433697,4
489,180,Go go 카카오 프렌즈 :세계 역사 문화 체험 학습만화,9788950980214,4
490,400,내가 원하는 것을 나도 모를 때 :잃어버린 나를 찾는 인생의 문장들 ,9791130627878,4
491,399,내가 빛나는 순간,9788954442480,4
492,17,"(건축, 조경모델링을 위한) 스케치업 완벽가이드 ",9788931437102,4
493,574,미로 저택의 비밀 - 수학 두뇌 계발 게임,9788925565903,4
494,392,내 동생 싸게 팔아요,9788937841668,4
495,14,(趙廷來 大河小說) 太白山脈,9788973377947,4
496,918,이수정 이다혜의 범죄 영화 프로파일 ,9788937491306,4
524,1022,천하무적 개냥이 수사대 1 - 토깽이 박물관 도난 사건,9791190786508,4
498,1165,해리포터 :비밀의 방,9788983925336,4
514,93,(직장인을 위한) 실무 엑셀 :실전! 비즈니스 엑셀 완전 정복 ,9791160500790,4
531,771,아낌없이 주는 나무 (어린이용),9788952783486,4
511,851,여우의 전화 박스,9788988674475,4
510,300,공간이 만든 공간 :새로운 생각은 어떻게 만들어지는가 ,9788932474274,4
509,699,세상의 봄 ,9788934993223,4
508,705,소리괴물 ,9788989654667,4
507,132,100층짜리 집 ,9788989863786,4
503,1089,쿠키런 어드벤처 :쿠키들의 신나는 세계여행,9788926384138,4
505,995,진짜 게으른 사람이 쓴 게으름 탈출법 :이 모든 것은 인생이 망할 것 같다는 위기감에서 시작됐다! ,9791190015097,4
504,1038,최고의 인테리어는 정리입니다 :2000개의 집을 바꾼 정희숙의 정리 노하우북 ,9788957361030,4
502,609,변신돼지 - 제6회 비룡소 문학상 대상 수상작,9788949161945,4
500,604,"배당왕 :배신을 모르는 그들, 미국 배당주 top 30 ",9788959896318,4
512,778,아무도 들어오지 마시오,9791160944266,4
501,48,(빈대가족의) 덜렁이는 빈대 스타일 ,9788960242906,4
506,899,유성의 인연 :히가시노 게이고 장편소설 ,9788972751502,4
513,782,"아빠, 법이 뭐예요?",9788936441418,4
525,81,"(정재승의) 과학콘서트 :복잡한 세상, 명쾌한 과학 ",9788996588733,4
515,791,아이엠 데니스 홍,9788925568461,4
516,1060,코로나 이후의 세계 - 블룸버그 선정 세계 1위 미래학자 제이슨 솅커의 미래예측,9791158740757,4
518,301,공기업론 =Public enterprise ,9788976447067,4
519,1059,"코로나 빅뱅, 뒤바뀐 미래 :코로나 시대에 달라진 삶, 경제, 그리고 투자 ",9788947545914,4
520,839,엄마를 잠깐 잃어버렸어요 ,9788943307622,4
521,5,(2020-2038) 부의 미래 :미래의 핵심 비즈니스를 전망하다! ,9788963221618,4
522,1176,황소 아저씨 ,9788986621778,4
523,1056,"코딩 - 작전명, 지구를 구하라!",9791187513544,4
526,1016,책은 도끼다 :박웅현 인문학 강독회 ,9788956055466,4
527,816,어느 날 구두에게 생긴 일 ,9788949121598,4
528,836,엄마 조금만 기다려 주세요 ,9788962473995,4
499,992,지하 100층짜리 집 ,9788989863915,4
529,825,"어머, 이건 꼭 사야 해!",9791159950711,4
497,585,바깥은 여름 :김애란 소설 ,9788954646079,4
580,445,달라도 친구 ,9788901114316,4
517,793,아인슈타인 아저씨네 탐정 사무소 ,9788934971177,4
563,955,적당히 육아법 :스스로 잘하는 아이로 키우는 0~7세 최강의 부모 습관 ,9788901239965,4
535,126,"(학년이 올라갈수록 자기주도 학습력, 창의력, 자존감이 높아지는) 초등 매일 습관의 힘 ",9788960305496,4
536,124,(투자처가 한눈에 보이는) 2020·2021 업계지도 =The maps of business investment ,9791187150664,4
537,1075,쿠키런 서바이벌 대작전,9788926365243,4
538,715,수영 팬티 - 내 인생 최악의 여름방학,9791187517917,4
539,1046,치치와 철학자 아빠,9788970572512,4
540,336,기획자의 습관 ,9788970656298,4
564,27,(끝없는 집안일을 반으로 줄이는) 하루 10분 꼼수 살림법 ,9791188700622,4
542,870,옥상에서 만나요 :정세랑 소설집 ,9788936437534,4
543,728,슈퍼 히어로들에게도 재수 없는 날이 있다,9788961707633,4
544,733,시간은 흐르지 않는다 :우리의 직관 너머 물리학의 눈으로 본 우주의 시간 ,9788965708063,4
545,313,구름빵 :욕심 바구니 ,9788953584051,4
546,331,기분이 태도가 되지 않게 - 기분 따라 행동하다 손해 보는 당신을 위한 심리 수업,9788901243658,4
547,864,예술하는 습관 :위대한 창조의 순간을 만든 구체적 하루의 기록 ,9788901239156,4
548,742,신기한 그림족자,9788949100302,4
541,871,온 세상 국기가 펄럭펄럭 ,9788901109237,4
550,321,그레구아르와 책방 할아버지 :마르크 로제 장편소설 ,9788954670517,4
562,187,JUST MEAND MY DAD 35,9780307118394,4
549,746,신비아파트 고스트 탐험대 6 : 남아메리카 편,9788926381274,4
561,545,메타인지 학습법 :생각하는 부모가 생각하는 아이를 만든다 ,9788950981891,4
560,446,달에 착륙한 돼지 :지구와 달 ,9788997980758,4
559,36,(마음을 읽는 아이) 오로르 ,9788984373952,4
558,529,마인크래프트 초보자 가이드 :마인크래프트 입문자가 알아야 할 모든 것 ,9788931459944,4
555,564,무지개 물고기,9788972590637,4
554,759,실시간 검색어 1위,9791188240593,4
553,758,신비하고 아름다운 우주 - 처음 떠나는 우주 여행,9791159950285,4
552,1142,하루 한마디 인문학 질문의 기적 ,9791130629384,4
551,68,(악어오리)구지 구지,9788930260916,4
556,282,"고맙습니다, 선생님",9788937810855,4
533,266,걱정 삼킨 학교,9791188240722,4
534,732,승률 97% 주식 공부 :주식투자 고수 Goingup이 공개하는 실전투자 강의 ,9788994199641,4
557,1126,평일도 인생이니까 :김신지 에세이 ,9788925569048,4
572,522,마시지 않고도 취한 척 살아가는 법 :일상은 번잡해도 인생은 태연하게 ,9788950985325,4
583,1160,한자와 나오키,9791189995126,4
567,418,너와 사는 오늘 =우지혜 로맨스소설.Today living with you ,9791196632014,4
565,972,주식 투자의 마법 공식 :누구나 쉽게 따라할 수 있는 상위 1%의 주식 투자 비법 ,9788982501241,4
568,935,자전거 도둑,9788937842993,4
569,422,네 이웃의 식탁 :구병모 장편소설 ,9788937473197,4
570,538,맨홀에 빠진 딴청이,9791159950292,4
573,479,동물들의 세계사 - 역사를 만든 위대한 50가지 동물 이야기,9791189734329,4
574,231,Why? People : 빈센트 반 고흐,9788930208697,4
575,476,돈지랄의 기쁨과 슬픔 ,9791197035203,4
576,525,마음의 힘을 키우는 어린이 자존감 - 나를 사랑하고 공부의 자신감을 높이는 자존감 사용 설명서,9791185053479,4
577,466,도티&잠뜰 스토리북 :뜰빛탐정,9791164126125,4
578,1159,한자와 나오키,9791189995119,4
579,415,내일은 실험왕 :본격 대결 과학실험 만화,9788937856648,4
581,946,잘못 걸린 짝,9788934993506,4
582,244,Why? 크리에이터 ,9788930239769,4
571,474,독고솜에게 반하면 - 제10회 문학동네청소년문학상 대상 수상작,9788954670302,4
584,1106,타인의 해석 :당신이 모르는 사람을 만났을 때 ,9788934985747,4
591,1128,포스트 코로나 - 우리는 무엇을 준비할 것인가,9791157844197,4
532,1005,짝짝이 양말,9788901232973,4
585,551,모르는 척 공주 ,9788993242720,4
566,424,노란 양동이,9788932306520,4
595,503,로마인 이야기,9788935654857,4
593,211,Stallion by Starlight (Paperback),9780307980441,4
592,513,마법천자문 48 - 늘 생각하다! 생각 념(念)!,9788950987749,4
594,500,레이튼 미스터리 탐정사무소 :카트리에일의 수수께끼 파일,9791164133147,4
590,35,(라임맘의 실패 없는) 아이주도 이유식 & 유아식 ,9788927810384,4
589,967,좀비고등학교 코믹스 12,9791188380381,4
588,439,다름 아닌 사랑과 자유 ,9788954658126,4
587,436,뉴 키드,9788961707596,4
586,40,(바다 탐험대) 옥토넛,9791196814496,4
618,1044,치과에 가요 Dentist Trip,9788965676102,3
619,337,김미경의 리부트 - 코로나로 멈춘 나를 다시 일으켜 세우는 법,9788901243665,3
605,744,신기한 스쿨 버스,9788949130552,3
694,845,에너지 위기에서 살아남기 =Survival in energy crisis,9788937884702,3
596,491,딸에게 보내는 심리학 편지 :30년 동안 미처 하지 못했던 그러나 꼭 해 주고 싶은 이야기들 ,9788901158594,3
598,30,(누구나 쉽게 참여할 수 있는) 부동산 경매 ,9788975357855,3
599,745,신나는 캠핑 ,9788965676133,3
601,330,기분을 말해 봐요,9788961771344,3
602,1003,짜장면 불어요!:이현 동화집,9788936442248,3
603,1140,하고 싶은 대로 살아도 괜찮아 :늘 남에게 애쓰기만 하느라 나를 잃어버린 당신에게 ,9791186639702,3
604,271,건방이의 건방진 수련기 ,9788949197814,3
610,716,수일이와 수일이,9788980408337,3
606,493,똑게육아 =내 아이에게 '꿀잠' 선물하기 프로젝트 /Smart & lazy motherhood consulting ,9788954639002,3
607,949,잠수네 프리스쿨 영어공부법 :엄마와 아이가 모두 행복한 5세·6세·7세 로드맵 ,9788925552651,3
608,495,똥친구,9788955824063,3
609,269,건방이의 건방진 수련기,9788949195797,3
611,700,소가 된 게으름뱅이 ,9788931919424,3
612,701,소년이 온다 2 (큰글자도서),9788936473242,3
613,1023,천하무적 용기맨,9788949102504,3
614,704,"소리 질러, 운동장 :진형민 장편동화 ",9788936442798,3
615,1002,짜장 짬뽕 탕수육,9788986565522,3
621,207,Piggy Pie Po :3 little stories ,9780152024949,3
616,339,김이나의 작사법 :우리의 감정을 사로잡는 일상의 언어들 ,9788954635608,3
620,1045,치과에 사는 괴물,9788943305079,3
630,335,기호는 재미있다,9788930262705,3
643,801,아홉 살 함께 사전,9788936447212,3
642,217,The Making of a United Europe (PB+CD) (StoryBook+Audio CD),9781946452108,3
644,802,안내견 탄실이 - 나의 눈이 되어 준,9788939571167,3
632,865,옛날옛날 어느 마을에 - 10분 연극,9788936447649,3
622,948,잠 :베르나르 베르베르 장편소설,9788932918372,3
623,268,건방이의 건방진 수련기,9788949195780,3
624,718,수학 귀신,9788949187310,3
625,497,랜드마크 범인 찾기 추리북,9788953332966,3
626,872,완벽한 가족 ,9788961770316,3
627,441,"다시, 책은 도끼다 :박웅현 인문학 강독회 ",9788956056609,3
628,71,(이금이 성장소설)유진과 유진,9788957980132,3
629,1047,치킨 마스크 :그래도 난 내가 좋아! ,9788996017059,3
631,866,오늘 내 기분은… ,9788967493349,3
633,494,똑똑한 부모는 하나만 낳는다 :외동아이가 더 크게 성공하고 행복하게 사는 이유 ,9788964562055,3
645,1174,환야 1,9788990982865,3
634,334,기찬 딸 ,9788952760685,3
635,69,(오늘의 일기) 학교 가는 날 ,9788943308827,3
636,977,죽음 :베르나르 베르베르 장편소설 ,9788932919676,3
637,1141,하늘 100층짜리 집 ,9788966350759,3
638,814,"얘야, 아무개야, 거시기야! ",9788954623742,3
639,842,엄마의 역사편지 ,9788991221628,3
640,1010,창의력 뿜뿜! 어린이 셰프 요리책 - 자존감을 높여주는 자기표현 요리 수업,9788964943991,3
641,302,공룡이 쿵쿵쿵,9788911126415,3
617,1138,피아노 치기는 지겨워,9788949111605,3
652,790,아이스크림 똥 ,9788952227454,3
600,863,영모가 사라졌다:공지희 장편동화,9788949180199,3
659,1052,카페의 공간학 =세계의 디자인 엿보기 /Site specific cafe design ,9788955924268,3
658,1017,책이 꼼지락꼼지락 ,9788983946690,3
669,1122,페인트 (양장),9788936459093,3
648,1012,채소 학교와 파란 머리 토마토,9788901217000,3
651,961,제국적 생활양식을 넘어서 :전 지구적 자본주의 시대의 인간과 자연에 대한 착취 ,9788962632071,3
653,229,Who? 인물 중국사 : 한비자.진시황,9791156397922,3
654,817,어두운 계단에서 도깨비가:임정자 동화집,9788936451042,3
655,818,어디서 살 것인가 :우리가 살고 싶은 곳의 기준을 바꾸다 ,9788932473802,3
656,290,고양이는 나만 따라 해 :권윤덕 그림책 ,9788936454104,3
657,1054,코드네임 J,9788952742704,3
650,812,야구왕 돼지 삼 형제 ,9788949161655,3
665,953,재미있는 놀이공원 ,9788965676447,3
646,25,(김언호의) 세계서점기행 ,9788935663347,3
668,97,(초등학생이 꼭 읽어야 할) 5000년 한국 여성 위인전,9788961420488,3
660,963,조용한 아내 :A.S.A. 해리슨 장편소설 ,9788954658713,3
666,75,(이상한 과자 가게) 전천당,9791164060948,3
667,107,(코믹 메이플스토리) 수학도둑 :지식·능력·경험을 융합하여 정리하는 No.1 수학학습만화,9788926379943,3
664,281,고릴라,9788949110486,3
662,828,"언마스크, 얼굴 표정 읽는 기술 ",9788935209972,3
661,285,고양이 손을 빌려 드립니다 ,9788901216966,3
649,810,앗! 따끔! ,9788952756633,3
597,1124,페퍼민트의 작은 마법 ,9788930210614,3
663,833,엄마 사용법 :김성진 동화 ,9788936451332,3
670,1170,호숫가 살인사건 ,9788925567198,3
691,847,엠마의 비밀 일기 ,9788949161068,3
672,315,국가란 무엇인가 ,9788971998014,3
693,1050,"친애하고, 친애하는 :백수린 소설 ",9788972759706,3
671,316,궁에는 개꽃이 산다,9788941326496,3
673,212,Stick and Stone,9780544032569,3
674,98,(최승호·방시혁의) 말놀이 동요집 ,9788949120447,3
675,343,까만 아기 양,9788991422278,3
676,482,두근두근 거실 텐트 :서석영 동화 ,9788936451417,3
677,1158,한밤중 달빛 식당 - 제7회 비룡소 문학상 수상작,9788949161969,3
678,765,쓰레기통 요정,9791158361518,3
679,853,"여행 말고 한달살기 =나의 첫 한달살기 가이드북 /Don't be trip, just stay ",9791189385088,3
680,767,씨앗 :역사를 바꾼 위대한 알갱이 ,9788983947345,3
681,852,여자로 살아가는 우리들에게 :요조와 임경선의 교환일기 ,9788954658355,3
682,844,엉뚱이 소피의 못 말리는 패션,9788949160245,3
683,770,아기 말고 내 몸이 궁금해서 :직접 찾아 나선 과학 기자의 임신 관찰기 ,9791160802931,3
684,307,관점 VS 관점 - 미래 사회의 과학기술 논쟁지도,9788957694572,3
685,849,여덟 가지 삶의 태도 :나폴레온 힐의 마지막 인생 강의 ,9788965963486,3
686,96,(책 읽는 강아지) 몽몽 ,9788949161761,3
687,214,The Crocodile and the Dentist (Hardcover),9781452170282,3
688,848,엠마의 아주 특별한 저녁 ,9788949161082,3
689,1008,참을 수 없는 존재의 가벼움 ,9788937462344,3
690,781,아빠 회사 안 가? ,9788955472073,3
692,784,아빠의 일기장 ,9788928302970,3
647,957,제3의 부의 원칙 - 행동투자학의 최전선에서 밝혀낸,9788935213191,3
695,314,구름빵 꿈이 너무 많아 ,9788953583979,3
723,598,반칙왕은 예의가 필요해 - 예절의 중요성을 알려주는 책,9788962479126,3
697,623,부동산 경매로 인생을 샀다 :3천만 원으로 80억 원 자산가가 된 새벽하늘의 부동산 투자 특강 ,9788925567655,3
706,606,백설공주는 왜 자꾸 문을 열어 줄까 :동화로 만나는 사회학 ,9788958073345,3
719,1136,플루언트 =영어 유창성의 비밀 /Fluent ,9788937846243,3
746,1132,프레드릭,9788952701930,3
698,611,별난반점 헬멧뚱과 X사건 - 제9회 웅진주니어 문학상 장편 대상 수상작,9788901212821,3
699,599,발가락:잠들기 전에 떠나는 상상 여행,9788984140677,3
700,931,읽으면서 바로 써먹는 어린이 사자소학,9791158681630,3
701,375,나는 티라노사우루스다 ,9788959980932,3
702,165,DK 세상을 알려 주는 13½가지 놀라운 사실들,9788949152882,3
703,46,(빈대 가족의) 절약 무한질주 런닝맨 ,9788960242791,3
704,419,넛지 - 똑똑한 선택을 이끄는 힘,9788901227542,3
705,9,(Britannica) 양서류와 파충류 ,9788937887543,3
708,539,머나먼 여행 ,9788901166421,3
778,693,세계사를 바꾼 전염병 13가지 ,9788990062925,3
709,907,이 또한 지나가리라 :밀레나 부스케츠 장편소설 ,9788954650670,3
710,612,별똥별 아줌마가 들려주는 아프리카 이야기,9788936447472,3
711,1166,행복한 비밀 하나 :박성배 동화집 ,9788957983065,3
712,614,보다 :김영하 산문 ,9788954625470,3
713,617,보이는 세상은 실재가 아니다 :카를로 로벨리의 존재론적 물리학 여행 ,9788965706205,3
714,423,네모,9788952786654,3
715,619,복제인간 윤봉구 3 : 첫사랑,9788949124377,3
716,622,"봉주르, 뚜르 ",9788954612883,3
717,696,세상의 모든 시간 :느리게 사는 지혜에 관하여 ,9788932474229,3
718,367,나는 소망한다 내게 금지된 것을 :양귀자 장편소설 ,9788998441074,3
720,900,유원 (양장),9788936434427,3
707,540,먼 바다 :공지영 장편소설 ,9788965749875,3
722,630,불만이 있어요 ,9791156130796,3
744,385,나의 눈부신 친구 ,9788935669738,3
769,678,생생 경매 성공기 2.0 :푼돈으로 큰돈을 만드는 확실한 비결 ,9788965022916,3
724,256,간송 선생님이 다시 찾은 우리 문화유산 이야기 ,9788946416185,3
733,1104,큰별★쌤 최태성의 한국사 수호대 7 - 미션 : 조선의 출발을 방해하는 번개도둑을 쫓아랏,9791129702227,3
725,635,비밀의 문,9788901208312,3
727,559,무릎딱지 ,9788991871670,3
728,1033,"초예측 부의 미래 =세계 석학 5인이 들려주는 기술, 자본, 문명의 대전환 /Super forecast wealth economy capitalism ",9788901241814,3
729,41,(바람소리 물소리 자연을 닮은) 우리 악기 ,9788954607124,3
730,563,무인행 :제2부 서정,9788956374000,3
731,185,Heckedy Peg,9780152336790,3
732,565,"무지개 물고기야, 엄마가 지켜 줄게 ",9788952764270,3
738,16,"(개인투자보다 안전하고 외국인과 기관투자보다 승률 높은) ETF 투자 실전 가이드북 :워런 버핏의 투자 유언, ETF 투자하라! ",9791163430100,3
734,413,내일은 실험왕 :본격 대결 과학실험 만화,9788937838323,3
735,921,이토록 공부가 재미있어지는 순간 :공부에 지친 청소년들을 위한 힐링 에세이 ,9791130604626,3
736,983,지구를 지키는 가장 완벽한 방법!,9788963011769,3
737,251,가을 운동회 ,9788958285106,3
739,912,이사도라 문 판타스틱 다이어리,9788950983666,3
740,987,지우개 똥 쪼물이 - 제22회 창비 좋은 어린이책 저학년 부문 우수상 수상작,9788936451516,3
741,546,"멧돼지가 쿵쿵, 호박이 둥둥 :김애란 동화 ",9788936451448,3
742,917,이솝 이야기 ,9788972889335,3
743,171,Danny and the Dinosaur and the Sand Castle Contest (Hardcover),9780062410498,3
721,629,불량한 자전거 여행 :김남중 장편동화 ,9788936442507,3
745,1034,초코파이 자전거,9788949181592,3
726,414,내일은 실험왕 :본격 대결 과학실험 만화,9788937842238,3
747,589,바둑전쟁 신들의 게임 :어린이 바둑 학습만화,9788934992226,3
772,684,선형대수와 군 ,9788952117441,3
770,679,서양미술사,9788940802731,3
749,913,이상하고 자유로운 할머니가 되고 싶어 :무루의 어른을 위한 그림책 읽기 ,9791190030472,3
750,592,바둑전쟁 신들의 게임 :어린이 바둑 학습만화,9788934999539,3
751,634,블랙스완 :위험 가득한 세상에서 안전하게 살아남기 ,9788990247674,3
752,150,5학년 5반 아이들 ,9788957983317,3
753,636,비커밍 ,9788901227580,3
754,143,2030 카이스트 미래경고 =10년 후 한국은 무엇으로 먹고살 것인가 /KAIST future warning ,9788934900221,3
755,359,꿈해몽 대사전 :자신의 운명을 새로이 개척하려는 사람들을 위한 꿈풀이 ,9788975589546,3
756,524,마음의 온도는 몇 도일까요? - 그림 시집,9788934993537,3
757,139,13·67 :찬호께이 장편소설 ,9788959758340,3
758,976,죽을 때까지 치매 없이 사는 법 :알츠하이머는 노화나 유전이 아니라 생활습관 병이다! ,9788960517752,3
759,427,놓지 마 과학!,9788960863545,3
760,667,살인자의 기억법 :김영하 장편소설 ,9788954622035,3
761,518,마법천자문 :손오공의 한자 대탐험,9788950980801,3
762,517,마법천자문 :손오공의 한자 대탐험,9788950979300,3
763,670,삼백이는 모르는 삼백이 이야기 ,9788954623759,3
764,357,꿈꾸는 포푸리와 세 마녀 ,9788930210942,3
765,515,마법천자문 :손오공의 한자 대탐험,9788950963477,3
767,260,감기에 걸렸어요 ,9788965676126,3
785,145,21세기를 위한 21가지 제언 :더 나은 오늘은 어떻게 가능한가 ,9788934982975,3
768,262,개구리와 두꺼비는 친구,9788949160016,3
771,134,10대의 뇌 :인간의 뇌는 어떻게 성장하는가 ,9788901228761,3
766,888,우아한 거짓말 :김려령 장편소설 ,9788936456221,3
773,971,주문에 걸린 마을 :황선미 작가와 함께 떠나는 유럽 동화마을 여행 ,9788966660841,3
786,895,윔피 키드,9788937838309,3
795,894,윌리와 악당 벌렁코,9788901041278,3
774,970,종이 봉지 공주,9788949110479,3
777,265,거짓말 학교 ,9788954609623,3
779,128,(한다리 건네엔 흔하디흔한) 아는 사람 이야기 ,9788901153964,3
780,656,삐악삐악 크리스마스 ,9788997357628,3
781,1084,쿠키런 어드벤처 10 : 마드리드 - 쿠키들의 신나는 세계여행,9788926387054,3
782,893,윌리와 구름 한 조각 ,9788901206110,3
783,639,빈대 가족의 덜렁이는 유튜브 스타,9788960244986,3
784,640,빈대 가족의 덜렁이도 같이 펀딩,9788960245082,3
776,999,질적 연구의 실제 =The practice of qualitative research ,9788999715013,3
748,914,"이상한 나의, 가족",9788934996194,3
792,361,나 안 할래,9788937812347,3
696,1041,추리 천재 엉덩이 탐정과 카레 사건,9791164130764,3
787,146,2년간의 휴가 ,9788952763525,3
793,228,Who? 마이클 조던,9791156396826,3
794,937,자존심,9788936442224,3
791,1167,허수아비 :사막의 망자들 ,9788925567143,3
789,147,2분간의 모험 - 시계로는 잴 수 없는 짧고도 긴 여행,9788956896724,3
788,155,AI가 알려주는 비즈니스 전략 :인공지능이 변화시키는 경영의 미래 ,9791188314423,3
775,349,꼬마 흡혈귀,9788966071722,3
790,194,Max the Brave (Paperback),9780723286707,3
841,208,Robo-Sauce ,9780525428879,2
811,1011,채소 학교와 더벅머리 옥수수,9788901229843,2
804,898,유령과 함께한 일주일 :김정미 장편동화 ,9788909193887,2
887,305,공유의 비극을 넘어 :공유자원 관리를 위한 제도의 진화 ,9788925539881,2
796,1031,초등학생이 알아야 할 지구 100가지,9791188454990,2
797,34,(디즈니 프린세스의 친구) 팰리스 펫 :original story book ,9788926210437,2
798,8,(A) sick day for Amos McGee ,9781596434028,2
799,1184,후루룩 셰프의 예절 레시피 (바른 예절을 키우는 사자소학 따라쓰기),9788927746348,2
800,1025,첫눈을 기다리는 코딱지 코지,9788925565125,2
801,919,이야기 숲에는 누가 살까,9788901229621,2
802,835,엄마 없는 날:이원수 단편동화,9788901024622,2
803,883,우리 이만 헤어져요 :이혼 변호사 최변 일기 ,9788925567273,2
813,887,우산 쓴 지렁이,9788932370613,2
815,940,"작은 가게 성공 매뉴얼 :월급 3배 버는 작은 가게, 3가지 메뉴얼이면 가능하다 ",9791155322604,2
806,964,조지의 우주를 여는 비밀 열쇠,9788925562605,2
812,1027,청소부 매뉴얼 :루시아 벌린 단편집 ,9788901232867,2
807,979,죽음의 수용소에서,9788936803261,2
808,978,죽음 :베르나르 베르베르 장편소설 ,9788932919683,2
809,896,유니콘과 신비한 동물들,9788911020027,2
810,1026,청소년을 위한 콰이어트 파워 - 내향형 아이들의 숨겨진 강점,9788925562858,2
805,997,질문을 꿀꺽 삼킨 사회 교과서,9788927800675,2
832,651,빨간 양털 조끼의 세계 여행 :우리 앞에 펼쳐진 세계화의 진실 ,9788901112473,2
817,862,열세 살의 여름,9788936447489,2
828,902,유혹하는 글쓰기:스티븐 킹의 창작론,9788934908852,2
820,1004,짝꿍 바꿔 주세요!,9788901064208,2
840,498,런닝맨 어휘의 신 1 - 초등 국어학습만화,9788926365595,2
821,965,조지의 우주를 여는 비밀 열쇠,9788925562612,2
822,1009,창가의 토토 ,9788934996309,2
823,12,(The) paperboy ,9780531071397,2
824,73,(이상한 과자 가게) 전천당,9791164060498,2
825,905,의대생 공부법 - 입시 위너들의 단기간 고효율 학습 노하우,9788925568577,2
826,13,(The)austere academy,9780064408639,2
827,859,열두 띠 이야기,9788915102668,2
830,958,제3의 시나리오 :김진명 장편소설 ,9788925565873,2
819,952,장길산:황석영 대하소설,9788936432928,2
818,63,(신비아파트) 오싹오싹 무서운 이야기,9788926379776,2
831,7,(A) box of unfortunate events :the trouble begins ,9780064407687,2
833,78,"(장복이, 창대와 함께하는) 열하일기 ",9788928401628,2
834,591,바둑전쟁 신들의 게임 :어린이 바둑 학습만화,9788934998280,2
835,199,Nate the Great and the missing key ,9780440461913,2
836,200,Never Take a Shark to the Dentist (Hardcover) (And Other Things Not to Do),9781416907244,2
837,511,마법의 빨간 부적,9788936451523,2
838,203,One Elephant Went Out to Play (Paperback / New Edition) (Classic Books With Holes),9781846431074,2
839,206,Oxford Reading Tree: Level 1+: More First Sentences C: Ice Cream (Paperback),9780198480907,2
814,908,이게 정말 나일까? ,9788934971634,2
866,550,모두 너와 이야기하고 싶어 해,9788937473272,2
816,1007,차이나 책상귀신 ,9788909177443,2
853,197,My garden ,9780061715174,2
845,218,"The Pencil (Paperback, Reprint)",9780763660888,2
864,526,마음이 따끔따끔,9788928315932,2
846,219,"The Smartest Giant in Town (Paperback, Main Market Ed.)",9781509812530,2
847,220,The Ugly Pumpkin (Paperback),9780142411452,2
848,221,The Very Noisy Night (Package),9781845062392,2
849,222,Three times lucky ,9780803736702,2
851,461,도토리 마을의 1년,9788901230931,2
852,198,Nate the Great and the lost list ,9780440462828,2
844,216,The Good Egg (Hardcover),9780062866004,2
855,562,무인도에서 살아남기,9788937810770,2
842,485,드라이,9788936456924,2
856,587,바다는 잘 있습니다 ,9788932030395,2
857,173,Down in the Jungle (Paperback),9781904550327,2
858,580,미운맛 사탕,9788927192459,2
859,174,Five Little Ducks (Paperback),9780859539357,2
860,175,Frederick,9780394826141,2
861,571,미래 인재와 대학 혁신 :연세대학교 레지덴셜 칼리지(residential college)와 교양교육 ,9788926882528,2
862,566,무지개는 더 많은 빛깔을 원한다 :성소수자 혐오를 넘어 인권의 확장으로 ,9788936486488,2
863,560,무서운 엽전 ,9788927185963,2
888,275,검은색 :무색의 섬광들 ,9788937420412,2
854,195,Mixed up fairy tales ,9780340875582,2
850,223,Twenty-four robbers,9781904550358,2
875,340,까닥 선생 정약용 :가장 밑바닥에서 위대한 실학자가 되다 ,9788901159959,2
886,1145,학교 가기 싫은 날 - 까칠한 열네 살을 위한 토닥토닥 책 처방전,9791188388868,2
877,376,나를 사랑하지 못하는 나에게 :있는 그대로의 나를 인정하기 위한 자존감 훈련 ,9788901218762,2
867,549,모두 깜언 :김중미 장편소설 ,9788936456641,2
868,542,멋쟁이 낸시와 아기 고양이,9788911126507,2
869,188,Jamberry,9780694006519,2
870,535,말썽꾸러기 벌주기,9788930270694,2
871,528,마인크래프트 생존 모험,9788930274050,2
872,232,Why? 독 있는 동식물,9788930237260,2
874,236,Why? 미생물,9788930237314,2
876,377,나만 알고 싶은 미래 직업,9788968305566,2
878,257,간호사를 위한 진단검사 =Diagnostic test for nurses ,9788930408899,2
865,186,"I Got Two Dogs: (Book and CD) [With CD] (Hardcover, Book and CD)",9781416958819,2
879,1137,피로사회 ,9788932022888,2
880,348,꺼벙이 억수와 방울 소리 ,9788928302932,2
881,344,까만 크레파스,9788901036373,2
882,342,까막눈 삼디기 ,9788901068602,2
883,272,걸리버 여행기 ,9788932404769,2
884,382,나비의 모험 1,9791163140993,2
885,273,"검둥개 럭키, 함께라서 행복해 ",9788911124459,2
843,215,The Day the Crayons Came Home (크레용이 돌아왔어!),9780399172755,2
829,37,(만화로 쉽게 배우는) 전기수학 =수학과 전기의 기초를 단박에 풀이한 해설집 /Mathematics for electrical engineering ,9788931576047,2
873,235,Why? 물,9788930237215,2
945,94,(질문하는 아이로 키우는) 엄마표 독서수업 :대한민국 엄마들의 독서멘토 남미영 박사의 생각을 키우는 독서코칭 ,9788934985662,2
900,242,Why? 초등과학학습만화,9788930237666,2
891,276,검정 연필 선생님:김리리 동화집,9788936451134,2
935,703,소똥 에너지 연구소 - 에너지 공학자,9788934976929,2
892,255,가족의 탄생 ,9788901158563,2
893,383,나비의 모험 2,9791163141006,2
894,1127,포노 사피엔스 =스마트폰이 낳은 신인류 /Phono sapiens ,9788965707691,2
895,246,Za-za's Baby Brother (Storybook & DVD),9781406359220,2
896,237,Why? 생존과학,9788930219631,2
897,238,Why? 악기와 소리,9788930237932,2
898,240,Why? 인공 지능,9788930219723,2
911,388,날마다 뽀끄땡스 ,9788932018638,2
912,590,바둑전쟁 신들의 게임 :어린이 바둑 학습만화,9788934996170,2
901,426,놀아요 선생님:남호섭 동시집,9788936445577,2
902,245,Why? 한국사 영웅 이야기,9788930238151,2
904,1131,"프랑스 아이처럼 :아이, 엄마, 가족이 모두 행복한 프랑스식 육아 ",9788928615360,2
905,247,建築施工技術士 길잡이 ,9788927427223,2
906,1129,푸른 사자 와니니 :이현 장편동화,9788936442804,2
907,248,가끔씩 비 오는 날:이가을 동화집,9788936441630,2
908,395,내 모든 습관은 여행에서 만들어졌다 ,9791190065696,2
909,250,가보가 필요해,9788928318025,2
910,389,날씨가 좋으면 찾아가겠어요 :이도우 장편소설 ,9788952791160,2
899,241,Why? 질병 ,9788930206853,2
903,403,내게는 특별한 프랑스어를 부탁해 :첫걸음 ,9788927730743,2
959,620,복지국가론 =(A) study on the welfare state ,9788930087483,2
920,727,슈퍼 명탐정 로리,9788925567938,2
890,296,곰 아저씨의 선물,9788911126026,2
913,184,Going viral,9788930274180,2
931,1076,쿠키런 서바이벌 대작전,9788926365526,2
914,594,바리스타 & 카페창업 =NCS 커피관리 /Barista & Established cafe ,9788927428282,2
915,749,신비아파트 고스트볼의 비밀,9788926385579,2
916,112,(코믹 메이플스토리) 신들의 계보,9788926384336,2
917,737,식객,9788934938569,2
918,736,시튼 동물기 ,9788931922851,2
919,735,시즌2 정글의 법칙 9 : 코모도 편,9788934994190,2
921,726,슈퍼 명탐정 로리,9788925567594,2
930,714,수박씨 :최명란 동시집 ,9788936445799,2
922,725,슈퍼 명탐정 로리,9788925566559,2
923,119,(쿠키런) 척척수학상식 :초등수학능력을 키워 주는 똑똑한 수학만화,9788926387634,2
933,748,신비아파트 고스트볼의 비밀,9788926385357,2
925,722,숨은 쥐를 잡아라:집에 숨은 과학,9788901020396,2
926,721,숨바꼭질,9788901217222,2
932,709,송백:2부 마검혈로 : 백준 新무협판타지 소설,9788925105178,2
927,720,순돌아 도망쳐 ,9788914016621,2
928,1074,쿠키런 서바이벌 대작전,9788926365045,2
929,596,박성우 시인의 끝말잇기 동시집,9788949102184,2
934,750,신비아파트 고스트볼의 비밀,9788926385968,2
924,1073,쿠키런 방송국 과학 상식,9788926363201,2
936,105,(코믹 메이플스토리) 수학도둑 :사고력과 이해력을 향상시켜 주는 국내 최초 수학논술만화,9788926393703,2
948,1063,코믹 메이플 스토리 수학도둑 49 - 국내 최초 수학논술만화,9788926387245,2
958,160,"Biscuit (Paperback, 10, Anniversary)",9780064442121,2
938,820,어른공부 :30년간 사형수들을 보내며 얻은 삶의 가치들 ,9788996649366,2
939,80,(전국 초중고생들의 수학 고민을 한 방에 날려주는 박경미의) 수학비타민 플러스 =Mathematics vitamin ,9788934936350,2
940,806,"안철수, 우리의 생각이 미래를 만든다 :유럽에서 찾은 공정하고 행복한 나라의 조건 ",9788950985844,2
941,1058,"코레아 우라 - 안중근, 하얼빈 11일간의 기록",9788932374772,2
942,795,아주 오래된 질문들 :고전철학의 새로운 발견 ,9788972978947,2
943,1172,혼자서도 별인 너에게 :나태주 시집 ,9791164380213,2
944,91,(지금 시작해도 괜찮아) 이젠 나도! 포토샵 :SNS 디자인 ,9788931556186,2
947,95,(창의력을 키워 주는) 저학년 수수께끼 ,9788928104253,2
949,1064,코믹 메이플 스토리 수학도둑 50 - 국내 최초 수학논술만화,9788926387344,2
961,1088,쿠키런 어드벤처 :쿠키들의 신나는 세계여행,9788926382295,2
950,773,"아드님, 안녕하세요 ",9788928307357,2
951,772,아는 사람만 아는 배우 공상표의 필모그래피 :김병운 장편소설 ,9788937473265,2
952,1065,코믹 메이플 스토리 수학도둑 51 - 국내 최초 수학논술만화,9788926387511,2
953,766,쓱 읽고 딱 아는 이솝우화 - 할 말 많은 초등 인생 꿀잼 만화,9788930262552,2
954,125,(하루 만에 배우는) 안드로이드 앱 만들기 ,9788931461633,2
955,597,박성우 시인의 첫말 잇기 동시집,9788949102122,2
956,1080,쿠키런 서바이벌 대작전 19 : 어둠 지대 편 - 안전상식 학습만화,9788926381694,2
972,144,2035년에서 온 미래 고양이 코야 - 제12회 소천아동문학상 신인상 수상작,9788909541701,2
957,136,11문자 살인사건 ,9788925563770,2
960,158,Arthur's New Puppy: An Arthur Adventure (Paperback),9780316109215,2
946,785,아빠의 첫 돈 공부 :월급 노예 18년 만에 찾은 경제적 자유 달성법 ,9788925567525,2
969,154,"A Dragon on the Doorstep (Paperback, Compact Disc) - 노래부르는 영어동화",9781905236664,2
937,821,어른을 위한 친절한 지식 교과서 ,9791188915194,2
964,157,Aliens Love Dinopants (Hardcover),9781481467360,2
962,628,불가사의한 우주를 탐험하라!,9788931933321,2
965,156,After the Fall (Paperback),9781783446353,2
966,633,블랙 SF : 우주 전쟁,9788901217543,2
967,161,Cleo's Alphabet Book (Paperback),9781841481654,2
968,162,Creepy carrots! ,9781442402973,2
970,1169,호밀밭의 파수꾼,9788937460470,2
971,163,D. W.'s lost blankie,9780316115957,2
963,694,세로토닌이펙트 =변화를꿈꾸는당신의삶을 세로토닌으로채우는방법 /Serotonin effect ,9788927800606,2
973,669,삼국유사를 걷는 즐거움 :이재호와 함께 천년 침묵의 미(美)를 만나다 ,9788984313071,2
974,686,설민석의 세계사 대모험,9791196893118,2
975,1082,쿠키런 스포츠 과학 상식,9788926381328,2
976,129,(혼자 배우는) 비주얼 C++ 6 데이터 베이스 프로그래밍,9788931461817,2
977,164,D.W.the Thinks Big,9780316109222,2
978,131,1.2학년이 꼭 읽어야 할 교과서 열두 별자리,9788928106325,2
979,159,Arthur's Pet Business (Paperback) - Arthur's Adventure 시리즈,9780316113168,2
980,685,설득의 정치 ,9788937470110,2
981,681,서쪽 숲에 갔다 :편혜영 장편소설 ,9788932023113,2
889,297,"곰돌이 푸, 행복한 일은 매일 있어 :아직 행복을 기다리는 우리에게 ",9788925563350,2
990,1162,해가 지는 곳으로 :최진영 장편소설 ,9788937473166,1
989,1148,한강:趙廷來 大河小說,9788973374007,1
988,1149,한강:趙廷來 大河小說,9788973374021,1
987,1150,한강:趙廷來 大河小說,9788973374038,1
986,1181,황제의 외동딸 :윤슬 장편소설,9788926761618,1
1003,1117,파란 집에 여름이 왔어요,9788943310455,1
985,1180,황제의 외동딸 :윤슬 장편소설,9788926761496,1
984,1102,퀴즈! 과학상식 : 엽기과학,9791186472903,1
983,1146,학교폭력의 예방과 대책 =Prevention plan of school violence ,9788936314002,1
992,1152,한강:趙廷來 大河小說,9788973374052,1
982,1175,황금팽이 ,9788932372693,1
991,1147,한강:趙廷來 大河小說,9788973373970,1
1001,1043,축구부에 들고 싶다 :성명진 동시집 ,9788936446130,1
993,1191,희랍인 조르바,9788930704731,1
994,1182,황제의 외동딸 :윤슬 장편소설,9788926762318,1
995,1143,하버드 부모들은 어떻게 키웠을까 :명문대 학생들의 성장 과정을 추적 조사한 하버드 프로젝트가 밝힌 성공의 8가지 공식 ,9788901237237,1
996,1144,하버드 상위 1퍼센트의 비밀 :신호를 차단하고 깊이 몰입하라 ,9788947544085,1
997,1173,화살시편,9788932035925,1
998,1030,초등학생이 알아야 할 과학 100가지,9791186872802,1
999,1153,한강:趙廷來 大河小說,9788973374069,1
1000,1135,"플랫폼의 눈으로 세상을 보라 :세상을 바꾸는 새로운 패러다임, 플랫폼 ",9788931578393,1
1002,1157,한밤의 왕국,9788911125913,1
1086,86,(제로니모의) 환상모험,9791160571851,1
1005,1118,파리 신부,9788932031101,1
1012,1179,황제의 외동딸 :윤슬 장편소설,9788926761427,1
1006,1155,한강:趙廷來 大河小說,9788973378357,1
1008,1083,쿠키런 어드벤처 1 : 런던 - 쿠키들의 신나는 세계여행,9788926395820,1
1032,318,귀신 감독 탁풍운,9788949124414,1
1009,1039,최선의 삶 :임솔아 장편소설 ,9788954636858,1
1010,1151,한강:趙廷來 大河小說,9788973374045,1
1011,1108,토끼 숫자 세기 대소동 :수의 규칙 ,9788934933403,1
1013,1178,황제의 외동딸 :윤슬 장편소설,9788926761410,1
1014,1183,"효린파파와 함께하는 참 쉬운, 엄마표 영어 :상위 0.1% 고교생들의 영어습득 노하우 대공개 ",9791196282219,1
1015,1107,탐정 칸의 대단한 모험,9788936447267,1
1016,1177,황제의 외동딸 :윤슬 장편소설,9788926761403,1
1017,1133,프로야구 스카우팅 리포트 2011 :663만 야구팬이 반드시 챙겨야 할 단 한 권의 책 ,9788925542669,1
1018,1053,칼자국 :김애란 소설 ,9788936458768,1
1019,1134,플랫폼 전쟁 =이기는 자가 미래다 /Platform wars ,9788950945633,1
1020,1154,한강:趙廷來 大河小說,9788973378333,1
1021,0,(10대들을 위한) 나의 문화유산답사기,9788936447434,1
1022,1015,책 읽고 매출의 신이 되다 ,9788947542623,1
1023,324,그해 겨울은 따뜻했네:박완서 소설전집,9788933800614,1
1024,384,나쁜 학생은 없다,9788983948571,1
1025,374,나는 태극기입니다 - 태극기가 들려주는 우리 역사 이야기,9788927196198,1
1026,370,나는 용감한 마흔이 되어간다 :기숙사에 사는 비혼 교수의 자기 탐색 에세이 ,9791189497293,1
1027,368,"나는 여성이고, 독립운동가입니다 - 다시 쓰는 독립운동 이야기",9791187050841,1
1028,366,나는 마트 대신 부동산에 간다 :3천만 원으로 6년 만에 아파트 15채 보유 ,9788947541473,1
1029,365,나는 되어가는 기분이다 :이영재 시집 ,9788936424398,1
1030,338,김미경의 인생미답 :살다 보면 누구나 마주하는 작고 소소한 질문들 ,9788947540926,1
1031,325,근원수필,9788908041516,1
1004,1156,한눈에 보고 단숨에 읽는 만화성경 : 신약,9788994420394,1
1052,477,돌이킬 수 있는 =문목하 장편소설 /Eversible ,9791189015381,1
1033,390,남자아이의 학습 능력을 길러주는 방법 ,9791164424795,1
1061,437,뉴욕 3부작 :폴 오스터 장편소설 ,9788932909554,1
1047,504,로즈힐 고등학교의 비밀소녀단,9791195656998,1
1036,308,관촌수필:연작소설집,9788932008509,1
1037,306,공포의 세기 :백민석 장편소설 ,9788932029054,1
1038,303,공복 :암을 극복한 의사가 직접 실천 ,9788990116000,1
1039,293,고흐 영혼의 편지,9788949717074,1
1040,288,고양이 전사들,9788934924203,1
1042,386,나의 월급 독립 프로젝트 :3년 만에 30억 벌고 퇴사한 슈퍼개미의 실전 주식투자 생중계 ,9788901230801,1
1043,398,내 하루도 에세이가 될까요? ,9791189856557,1
1044,1001,집중력 미로찾기 공룡,8809611350441,1
1045,457,덤벼! 플라스틱 - #2분 만에 지구를 지키는 #슈퍼영웅 되기,9791188535149,1
1046,505,루팡의 딸 =Daughter of Lupin ,9788998274412,1
1048,490,딸기 우유 공약,9788934983460,1
1059,443,단물 고개 ,9788949101248,1
1049,484,두더지 아저씨의 보물찾기,9788911126828,1
1050,483,두근두근 마녀 시상식,9788930219181,1
1051,481,두 배로 카메라 - 제6회 비룡소 문학상 우수상 수상작,9788949161952,1
1087,88,(제로니모의) 환상모험,9791160574272,1
1053,459,도깨비폰을 개통하시겠습니까? - 제22회 창비 좋은 어린이책 고학년 부문 대상 수상작,9788936442927,1
1054,455,대한민국 부동산 투자 :시장의 흐름을 활용하는 가장 정확한 부동산 투자서 ,9788925561325,1
1055,425,노랑나비랑 나랑,9788943311186,1
1056,451,대망,9788949702926,1
1057,449,당신이 지갑을 열기 전에 알아야 할 것들 ,9788952770110,1
1058,444,단순한 진심 :조해진 장편소설 ,9788937441943,1
1060,442,다윈의 식탁 =진화론의 후예들이 펼치는 생생한 지성의 만찬 /Darwin's table ,9788934932666,1
1062,435,눈속임,9788935653997,1
1034,317,권력의 종말 :다른 세상의 시작 ,9788962609080,1
1085,2,(10대를 위한) 정의란 무엇인가 :하버드대 마이클 샌델 교수의 정의 수업 ,9788937886966,1
1035,309,광모 짝 되기 ,9788932372402,1
1063,433,눈 - 모두가 주인공인 다섯 친구 이야기,9788949107004,1
1064,286,고양이 전사들,9788934924180,1
1065,283,고슴도치의 소원 ,9788950968984,1
1066,277,게임 회사에서는 하루 종일 게임만 할까?,9788950984687,1
1067,39,(모바일만 들고 떠나는) 중국 남방도시 여행 :가볍게 자유롭게 새롭게 오늘의 중국을 여행하는 방법 ,9788965455868,1
1068,85,(제로니모의) 환상모험,9791155099568,1
1069,84,(제로니모의) 환상모험,9791155099339,1
1070,70,(위대한 마법사 호조의)수상한 선물 가게,9788911025824,1
1071,67,(아이의 두뇌를 깨우는) 하루 15분 책읽어주기의 힘 ,9788989847632,1
1072,66,(신비아파트) 월화수목공포일,9791164385775,1
1073,50,(설민석의) 삼국지 :누구나 쉽게 시작하고 모두가 빠져드는 이야기 ,9788933870785,1
1074,49,(생각을 열어 주는) 사회가치사전 :토론하는 미래 시민을 위한 사회 개념어 이야기 ,9788991941526,1
1075,42,(백금남 장편소설)탄트라,9788912061746,1
1076,38,(말실수는 줄이고 말센스는 키우는) 말습관 트레이닝 =Fix your speaking habit ,9791160503272,1
1077,258,"갈릴레오, 목성의 달을 발견하다 ",9788949182308,1
1078,33,(들키고 싶은)비밀,9788936451059,1
1079,28,(나를 닮은) 집짓기 :취향이 있는 집을 완성하기까지 6개월 프로젝트 ,9788952768452,1
1080,23,(국제변호사 김병국의)비즈니스 협상론,9788972772064,1
1081,21,(교과서에 나오는) 유네스코 세계 문화유산 =아프리카 아메리카 /UNESCO world heritage ,9788952755841,1
1082,18,(과학하는 마음을 키우는) Why+ 생활과학 ,9788930207775,1
1083,11,(The) Big Holloween scare,9791158941710,1
1084,3,(1등미디어) 문과1등 이과1등 :개성만점 1등들의 재능발견 학습만화,9788950983437,1
1007,1112,투명인간 :성석제 장편소설 ,9788936434144,1
1175,666,살인의 문,9788990982728,1
1041,287,고양이 전사들,9788934924197,1
1114,861,열두 살에 부자가 된 키라 ,9788950966980,1
1140,930,읽으면서 바로 써먹는 어린이 관용구,9791158681487,1
1090,233,Why? 동굴 ,9788930202565,1
1091,230,Who? 힐러리 클린턴,9791156394778,1
1092,227,Who? 마리 퀴리,9791156395805,1
1094,213,Swimmy,9780394826202,1
1095,210,Special delivery!,9791158941727,1
1096,205,"Oxford Reading Tree Read with Biff, Chip, and Kipper: Level 1 Phonics & First Stories: Up You Go and Other Stories (Paperback)",9780192793638,1
1097,204,"Oxford Reading Tree Read with Biff, Chip, and Kipper: Level 1 Phonics & First Stories: Six in a Bed and Other Stories (Paperback)",9780192793980,1
1098,170,Daisy and the trouble with zoos ,9781862304932,1
1099,169,Daisy and the trouble with piggy banks ,9781782952862,1
1100,168,Daisy and the Trouble with Vampires (Paperback),9781782956082,1
1101,167,Daisy and the Trouble with Burglars (Paperback),9781849416818,1
1102,166,Daisy and the Trouble With Sports Days,9781782952855,1
1103,149,43번지 유령 저택,9788952754653,1
1104,141,1코노미 =1인 가구가 만드는 비즈니스 트렌드 /1conomy ,9788950971922,1
1105,138,12월의 어느 날 :조지 실버 장편소설 ,9788950984106,1
1106,104,(추리 천재) 엉덩이 탐정,9791164134090,1
1107,508,마녀 위니의 수리수리 마법 책 ,9788949161280,1
1108,527,마음이 살짝 기운다,9788925580302,1
1109,530,마흔에는 홀가분해지고 싶다 :세상과 주변에 얽매이지 않는 연습 ,9791189279899,1
1110,823,어린이를 위한 아주 작은 습관의 힘 - 꿈을 이루는 첫 번째 습관 만들기,9791162541173,1
1111,874,왓칭 =신이 부리는 요술 /Watching ,9788935703463,1
1112,873,왓칭 =시야를 넓힐수록 마법처럼 이루어진다.Watching ,9788935703975,1
1113,869,오총사 협회 ,9788909158855,1
1093,224,Who? K-POP BTS - 개정판,9791156398264,1
1089,90,(조선에서 가장 재미난) 이야기꾼 ,9788949161709,1
1116,846,에어프라이어로 시작하는 건강 다이어트 요리 ,9791185473567,1
1125,799,아홉 명의 완벽한 타인들 ,9788947545211,1
1124,800,아홉 살 마음 사전,9788936447014,1
1123,804,안녕 주정뱅이 :권여선 소설집 ,9788936437381,1
1122,809,암호해독자 ,9788967354459,1
1121,815,어느 그림자 이야기 -  외전,9788901222219,1
1138,934,잃어버린 일기장 :전성현 장편동화 ,9788936442637,1
1120,775,아름다운 사람에게,9791190558020,1
1119,822,어린이가 알아야 할 가짜 뉴스와 미디어 리터러시,9791170263159,1
1118,824,어린이를 위한 진짜 공부머리 독서법,9788965592495,1
1127,786,아서왕과 원탁의기사들,9788949140810,1
1117,829,언어발달지도 =알기 쉽고 가르치기 쉬운 부모와 교사를 위한 가이드 /Language development and guidance ,9788942608812,1
1126,792,아이엠 봉준호,9788925568119,1
1136,959,제3인류 :베르나르 베르베르 장편소설 ,9788932916378,1
1128,783,아빠가 안 가르쳐 주던 과학 질문 100,9788930271202,1
1129,875,왜 그러고 다녀 ,9788969890535,1
1130,876,왜 그렇게 말해 주지 못했을까 :반성합니다. 내 아이를 부수었던 대화를… ,9788965135692,1
1131,878,용기 없는 일주일 :정은숙 장편소설 ,9788936456672,1
1132,881,우리 반 욕 킬러 ,9788937837944,1
1133,1000,집은 사는 것이 아니라 기르는 것이다 ,9788927809791,1
1134,962,조선에서 백수로 살기 :'청년 연암'에게 배우는 잉여 시대를 사는 법 ,9788947543903,1
1135,960,제3인류 :베르나르 베르베르 장편소설 ,9788932916385,1
1137,951,장길산:황석영 대하소설,9788936430580,1
1115,850,여름의 책 ,9788937429569,1
1139,932,읽으면서 바로 써먹는 어린이 영단어,9791158681722,1
1186,710,송백:2부 마검혈로 : 백준 新무협판타지 소설,9788925106670,1
1141,929,"일제강점기 그들의 다른 선택 :광복을 염원한 사람들, 기회를 좇은 사람들 ",9791186351062,1
1168,561,무엇을 그리고 왜? :후회 없는 삶을 위하여 ,9791159066047,1
1143,916,이선생의 학교폭력 평정기 :우리 교실에 평화의 꽃이 피었다 ,9788963720036,1
1144,911,이사도라 문,9788950983871,1
1145,910,이러지도 저러지도 못하는 당신에게,9791196656515,1
1146,906,의심하고 질문하며 진리를 발견해요 - 데카르트가 들려주는 의심 이야기,9788954442022,1
1147,903,육일약국 갑시다 ,9788950943370,1
1148,891,"위기의 시대, 이순신이 답하다 :난중일기에서 배우는 시대를 초월한 경영전략 ",9788927804116,1
1149,890,"워너비 볼륨 홈트 :슬림탄탄, 볼륨탄력 완벽한 뒤태 만들기 ",9791158462345,1
1150,779,"아무튼, 떡볶이 ",9791186602508,1
1151,769,아기 늑대 세 마리와 못된 돼지,9788952746757,1
1152,532,만화 월급쟁이 생존 부동산 :야금야금 부자되는 직딩 부동산툰 ,9791161781341,1
1153,584,민트의 세계 2 (큰글자도서),9788936458867,1
1154,627,부의 확장 :나와 세상의 부를 연결하는 법 ,9791130627984,1
1155,615,보름달이 뜨면 체인지,9788909202817,1
1156,605,백만장자 시크릿 :부를 끌어당기는 17가지 원칙을 알려주는 부자 매뉴얼 ,9788925520384,1
1157,1,(10대들을 위한) 나의 문화유산답사기,9788936447441,1
1158,595,바위나리와 아기별 ,9788932024134,1
1159,593,바디 :우리 몸 안내서 ,9788972917014,1
1160,588,바닷속 아수라 병원,9788901239958,1
1161,586,바꿔! - 2018 황금도깨비상 수상작,9788949121819,1
1162,583,민트의 세계 1 (큰글자도서),9788936458850,1
1163,762,"십 대, 인권의 주인공이 되다! - 나답게 살고 싶은 십 대들이 세상을 배우는 가장 단단한 방법, 인권",9791170263197,1
1164,578,미션 투 더 문 :AR로 보는 인간의 가장 위대한 모험담 ,9788931461510,1
1165,573,"미래가 온다, 인공 지능",9791187513858,1
1166,572,"미래가 온다, 우주 과학",9791187513834,1
1142,926,일리아스 :트로이 전쟁의 영웅들 ,9788932030210,1
1167,569,미니멀라이프 집안일 쉽게 하는 법 :for simple life ,9791155361405,1
1181,724,슈퍼 독 개꾸쟁,9788965483878,1
1170,554,몸에도 미니멀리즘 - 단순한 음식은 어떻게 단순한 삶을 완성하는가,9791187330134,1
1171,537,말한다는 것 :연규동 선생님의 언어와 소통 이야기 ,9788994407470,1
1172,632,브이로그 조작사건,9788983948304,1
1173,652,"빨강 머리 앤, 행복은 내 안에 있어 :매일매일 행복을 꿈꾸는 우리에게 ",9791164451708,1
1174,663,산 자들 :장강명 연작소설 ,9788937441912,1
1176,757,신비아파트 월화수목공포일 7 - 불도깨비,9791164386345,1
1177,756,신비아파트 월화수목공포일 6 - 호러 게임,9791164386109,1
1178,755,신비아파트 월화수목공포일 4 - 좀비의 습격,9791164385430,1
1179,743,신기한 독서 훈련 - 읽고 싶어 근질근질해지는 책,9791158731533,1
1180,730,스토브리그 =이신화 대본집 /Stove league ,9788934900184,1
1182,723,슈퍼 독 개꾸쟁,9788965483847,1
1169,556,몽실 언니 :권정생 소년소설 ,9788936461331,1
1183,717,수평선 학교 :김남중 장편동화 ,9788936442866,1
1184,712,송백:2부 마검혈로 : 백준 新무협판타지 소설,9788925109756,1
1185,711,송백:2부 마검혈로 : 백준 新무협판타지 소설,9788925107974,1
1088,89,(제로니모의) 환상모험,9791160574470,1
1187,708,송백:2부 마검혈로 : 백준 新무협판타지 소설,9788925105161,1
1188,707,송백:2부 마검혈로 : 백준 新무협판타지 소설,9788925105154,1
1189,697,세상의 바보들에게 웃으면서 화내는 방법 ,9788932908885,1
1190,695,"세상에 이런 말이! (우리말로 바꾸기 어려운 낱말들에 담긴 사회, 문화, 역사 이야기)",9791164520039,1
1191,692,"성경의 패러독스, 그 특별한 지혜 ",9788938816443,1
1192,674,샘 킴의 이탈리아 요리 :Sam's easy cooking ,9788925546469,1
1193,1193,힘센차사우루스의 보물찾기,9788925564180,1
